URL,Name,Is_ISA_Compatible,Ticker,SEDOL_ID,Sector,ETF_Type,Top10_Exposures,Exchange,Country,Indices,Currency,Open_price,Year_low,Year_high,Dividend_yield,PE_ratio,Market_capitalisation,Volume,GBP_Open,GBP_Year_low,GBP_Year_high,GBP_Market_capitalisation
https://www.hl.co.uk/shares/shares-search-results/x/xtrackers-msci-europe-value-ucits-etf-1c,db X-trackers  MSCI Europe Value UCITS ETF 1C  (D5BL),True,D5BL,B4PT173,ETF 1x,Regional,,Frankfurt Stock Exchange,Luxembourg,,EUR,30.24,26.08,30.51,0%,0,0,0,25.83379150538266,22.27993658929827,26.06445035810929,0
https://www.hl.co.uk/shares/shares-search-results/x/xtrackers-msci-north-america-high-dividend,db X-trackers  MSCI North America High Dividend Yield UCITS ETF  (XDND),True,XDND,BYWVHV8,ETF 1x,High Dividend,,SIX Swiss Exchange,Ireland,,CHF,0,0,0,0%,0,0,0,0,0,0,0
https://www.hl.co.uk/shares/shares-search-results/x/xtrackers-ii-germany-government-bond-ucits,db X-trackers  Germany Government Bond UCITS ETF 1D  (D5BB),True,D5BB,B432D56,ETF 1x,Bonds,,Frankfurt Stock Exchange,Luxembourg,,EUR,167.94,161.16,175.34,1.23%,0,0,0,143.4698063959644,137.67770631638456,149.79156754476838,0
https://www.hl.co.uk/shares/shares-search-results/x/xtrackers-ii-eurozone-government-bond-1-3,db X-trackers  Eurozone Government Bond 1-3 UCITS ETF 1C  (DBXP),True,DBXP,B1Z9020,ETF 1x,Bonds,FRANCE (GOVT OF)   7.48%     FRANCE (GOVT OF)   6.92%     FRANCE (GOVT OF)   6.30%     FRANCE (GOVT OF)   5.00%     BUNDESOBLIGATION   4.27%     BUNDESOBLIGATION   4.26%     BONOS Y OBLIG DEL ESTADO   3.65%     BUNDESOBLIGATION   3.58%     BUNDESOBLIGATION   3.56%     BONOS Y OBLIG DEL ESTADO   3.34%,Frankfurt Stock Exchange,Luxembourg,,EUR,164.07,158.92,165.01,0%,0,0,0,140.16369617354937,135.76409213080066,140.9667306978569,0
https://www.hl.co.uk/shares/shares-search-results/x/xtrackers-ii-eurozone-government-bond-short,db X-trackers  Eurozone Gov Bond Short Daily Swap UCITS ETF  (DXSV),True,DXSV,B2RJVJ9,ETF -1x,Bonds,Republic of France   0.87%     Republic of France   0.85%     Republic of France   0.82%     Republic of France   0.81%     Republic of France   0.79%     Republic of France   0.73%     Republic of France   0.71%     Republic of France   0.68%     Republic of France   0.67%     Republic of France   0.67%,Frankfurt Stock Exchange,Luxembourg,,EUR,81.14,78.41,82.19,0%,0,0,0,69.31725670458826,66.98503941590788,70.21426335408071,0
https://www.hl.co.uk/shares/shares-search-results/x/xtrackers-switzerland-ucits-etf-1d,db X-trackers  Switzerland UCITS ETF 1D  (XSMI),True,XSMI,B1HPZL0,ETF 1x,Regional,,Frankfurt Stock Exchange,Luxembourg,,EUR,125.54,120.12,126.22,3.31%,0,0,0,107.24782359741201,102.61756070193668,107.82874218946426,0
https://www.hl.co.uk/shares/shares-search-results/x/xtrackers-spain-ucits-etf-1c,db X-trackers  Spain UCITS ETF 1C  (XESP),True,XESP,B8DLDC8,ETF 1x,Regional,AIRBUS SE    15.52%      IBERDROLA SA    13.94%     BANCO SANTANDER S.A.   11.74%      BANCO BILBAO VIZCAYA ARGENTARIA S.A.    9.30%      INDUSTRIA DE DISENO TEXTIL SA    7.56%      AMADEUS IT GROUP SA    5.05%      TELEFONICA SA    3.99%      REPSOL SA    3.67%      CELLNEX TELECOM SA    3.19%      CAIXABANK SA    3.04%,Frankfurt Stock Exchange,Luxembourg,,EUR,31.75,24.69,32.1,0%,0,0,0,27.12377249655752,21.09247064377969,27.422774713055006,0
https://www.hl.co.uk/shares/shares-search-results/x/xtrackers-msci-usa-consumer-staples-ucits,DB x-trackers  MSCI USA Consumer Staples UCITS ETF 1D  (XSCS),True,XSCS,BF2LFM2,ETF 1x,Consumer Staples,,London Stock Exchange,,,GBX,3345,3040.25,3422,0%,0,0,190,33.45,30.4025,34.22,0
https://www.hl.co.uk/shares/shares-search-results/x/xtrackers-msci-usa-esg-screened-ucits-etf,db X-trackers  MSCI USA ESG Screened UCITS ETF 1C  (XRSS),True,XRSS,BWBXSK7,ETF 1x,ESG,,London Stock Exchange,,,GBX,3412,2632,3421,0%,0,0,147,34.12,26.32,34.21,0
https://www.hl.co.uk/shares/shares-search-results/x/xtrackers-ftse-mib-ucits-etf-1d,db X-trackers  FTSE MIB UCITS ETF 1D  (DBXI),True,DBXI,B1HPZ65,ETF 1x,Index,ENEL - SPA    11.06%      UNICREDIT SOCIETA' PER AZIONI    9.89%     STELLANTIS N.V.   9.11%      INTESA SANPAOLO SPA    9.03%     FERRARI NV   8.03%      ENI S.P.A.    7.96%      ASSICURAZIONI GENERALI SOCIETA' PER AZIONI    6.00%      STMICROELECTRONICS N.V.    5.57%     CNH INDUSTRIAL NV   2.42%      TERNA SPA    2.42%,Frankfurt Stock Exchange,Luxembourg,,EUR,32.75,24.2,33,3.69%,0,0,0,27.978064543693193,20.67386754068321,28.191637555477108,0
https://www.hl.co.uk/shares/shares-search-results/x/xtrackers-ii-eur-overnight-rate-swap-ucits,db X-trackers  EUR Overnight Rate Swap UCITS ETF 1C  (XEON),True,XEON,B1Z9161,ETF 1x,Rate Swap,0¾% Index-linked Treasury Gilt 2034   23.53%     0 1/8% Index-linked Treasury Gilt 2029   19.47%     3½% Treasury Gilt 2045   14.15%     DUTCH FUNGIBLE STRIP   10.97%     BOB Y OBLIG ESTADO STRIP   6.92%     0 5/8% Treasury Gilt 2050   5.44%     QUEENSLAND TREASURY CORP   3.94%     NETHERLAND PRINC STRIP   2.51%     NETHERLAND PRINC STRIP   2.34%     DUTCH FUNGIBLE STRIP   2.34%,Frankfurt Stock Exchange,Luxembourg,,EUR,140.68,135.58,140.76,0%,0,0,0,120.18180519104605,115.82491575065414,120.2501485548169,0
https://www.hl.co.uk/shares/shares-search-results/x/xtrackers-ii-global-inflation-linked-bond,db X-trackers  Global Inflation-Linked Bond UCITS ETF 1C EUR Hdg  (XGIN),True,XGIN,B1Z9127,ETF 1x,Bonds,UNITED STATES   2.36%     FRANCE   2.14%     FRANCE   2.12%     UNITED STATES   2.01%     FRANCE   2.00%     UNITED STATES   1.97%     FRANCE   1.86%     FRANCE   1.85%     ITALY   1.79%     UNITED STATES   1.76%,Frankfurt Stock Exchange,Luxembourg,,EUR,211.51,201.03,221.23,0%,0,0,0,180.69131088966554,171.73833023568375,188.99502958782426,0
https://www.hl.co.uk/shares/shares-search-results/x/xtrackers-bloomberg-commodity-ex-agricultur,db X-trackers  Bloomberg Com Ex-Agri & Livestock Swap UCITS ETF  (XDBC),True,XDBC,B236VD8,ETF 1x,ETC - Agri,,Frankfurt Stock Exchange,Luxembourg,,EUR,23.53,21.64,24.95,0%,0,0,0,20.101491869102315,18.4868799000159,21.314586576034966,0
https://www.hl.co.uk/shares/shares-search-results/x/xtrackers-msci-world-communication-services,DB Xtrackers  MSCI World Communication Services UCITS ETF  (XWTS),True,XWTS,BDGSVF0,ETF 1x,Communications,,London Stock Exchange,,,USD,20.74,14.59,20.78,0%,0,0,21006,16.271508352714708,11.446543243303163,16.30289023960519,0
https://www.hl.co.uk/shares/shares-search-results/x/xtrackers-msci-world-health-care-ucits-etf,DB Xtrackers  MSCI World Health Care Index UCITS ETF  (XDWH),True,XDWH,BDGSV72,ETF 1x,Healthcare,,London Stock Exchange,,,USD,53.73,45.2,54.31,0%,0,0,6420,42.153719565639406,35.461532186244206,42.60875692555139,0
https://www.hl.co.uk/shares/shares-search-results/x/x-financial-adr-each-repr-6-ord-shs-spon,X Financial  (XYF),True,XYF,BN0TDW0,Consumer Finance,## Not ETF,,New York Stock Exchange,Cayman Islands,,USD,4.3,2.69,5,0%,0,203940000,0,3.373552840726772,2.1104318933848876,3.9227358613102,160000550.31112042
https://www.hl.co.uk/shares/shares-search-results/x/x-fab-silicon-foundries-se-npv,X-FAB Silicon Foundries SE  (XFAB),True,XFAB,BD97P41,Semiconductors,## Not ETF,,Euronext Paris,Belgium,Euronext Next 150,EUR,7.24,6.64,11.62,0%,0,948170000,0,6.185074421262251,5.672499192980848,9.926873587716484,810014090.3326283
https://www.hl.co.uk/shares/shares-search-results/x/x3-holdings-co-ltd.-usd0.4,X3 HOLDINGS CO LTD.  (XTKG),True,XTKG,BQXST05,Systems Software,## Not ETF,,NASDAQ,Cayman Islands,,USD,0.51,0.41,27.58,0%,0,132449999.99999999,0,0.4001190578536404,0.3216643406274364,21.63781101098706,103913272.96610717
https://www.hl.co.uk/shares/shares-search-results/x/x4-pharmaceuticals-inc-npv,X4 Pharmaceuticals Inc  (XFOR),True,XFOR,BFY8WQ4,Biotechnology,## Not ETF,,NASDAQ,United States,,USD,0.85,0.57,2.58,0%,0,140170000,0,0.666865096422734,0.44719188818936273,2.024131704436063,109969977.13597015
https://www.hl.co.uk/shares/shares-search-results/x/xaar-ordinary-10p,Xaar  (XAR),True,XAR,0157081,Electronic & Electrical Equipment,## Not ETF,,London Stock Exchange,,,GBX,110.5,90.6,212,0%,23.44,8877000000,27564,1.105,0.9059999999999999,2.12,88770000
https://www.hl.co.uk/shares/shares-search-results/x/xbiotech-inc-npv,XBiotech Inc  (XBIT),True,XBIT,BWD1LM2,Biotechnology,## Not ETF,,NASDAQ,Canada,NASDAQ Comb. Composite,USD,6.22,3.05,7.21,0%,0,193580000,0,4.879883411469889,2.3928688753992216,5.656585112009308,151872641.6064857
https://www.hl.co.uk/shares/shares-search-results/x/xbrane-biopharma-ab-npv,Xbrane Biopharma AB  (XBRANE),True,XBRANE,BYN69C7,Biotechnology,## Not ETF,,Stockholm Stock Exchange,Sweden,,SEK,1.44,0.13,1.99,0%,0,2190000000,0,0.10912728057352704,0.00985176838511008,0.15080783912591583,165964405.87223902
https://www.hl.co.uk/shares/shares-search-results/x/xbt-provider-bitcoin-tracker-euro,XBT Provider  Bitcoin Tracker Euro  (BIT-XBTE),True,BIT-XBTE,BYZDV42,ETF 1x,Blockchain & Crypto,,Stockholm Stock Exchange,Sweden,,EUR,3158.86,1606.48,3200,0%,0,0,0,2698.5889760149826,1372.403087882511,2733.734550834144,0
https://www.hl.co.uk/shares/shares-search-results/x/xbt-provider-bitcoin-tracker-one,XBT Provider  Bitcoin Tracker One  (BIT-XBT),True,BIT-XBT,BYNCND4,ETF 1x,Blockchain & Crypto,,Stockholm Stock Exchange,Sweden,,SEK,3550.62,1830,3575,0%,0,0,0,269.0760451041504,138.68258572885728,270.9236305905272,0
https://www.hl.co.uk/shares/shares-search-results/x/xbt-provider-ether-tracker-euro,XBT Provider  Ether Tracker Euro  (ETH.XBTE),True,ETH.XBTE,BYWHFX4,ETF 1x,Blockchain & Crypto,,Stockholm Stock Exchange,Sweden,,EUR,342.96,174.25,356.19,0%,0,0,0,292.98800048564937,148.8603892133905,304.2902842692543,0
https://www.hl.co.uk/shares/shares-search-results/x/xbt-provider-ether-tracker-one,XBT Provider  Ether Tracker One  (ETH.XBT),True,ETH.XBT,BF03014,ETF 1x,Blockchain & Crypto,,Stockholm Stock Exchange,Sweden,,SEK,385,190,397,0%,0,0,0,29.17639098667216,14.39873840900704,30.08578499145155,0
https://www.hl.co.uk/shares/shares-search-results/x/xcel-brands-inc-usd0.001,Xcel Brands Inc  (XELB),True,XELB,B3T7LG5,Apparel Retail,## Not ETF,,NASDAQ,United States,,USD,0.8,0.51,2.1,0%,0,19400000,0,0.6276377378096321,0.4001190578536404,1.647549061750284,15220215.141883574
https://www.hl.co.uk/shares/shares-search-results/x/xcel-energy-inc-com-stk-usd-2.5,Xcel Energy Inc  (XEL),True,XEL,2614807,Electric Utilities,## Not ETF,,NASDAQ,United States,NASDAQ Comb. Composite,USD,51.76,46.79,71.94,4.22%,0,28590000000,0,40.608161636283185,36.70896219014085,56.440323572531156,22430203654.97172
https://www.hl.co.uk/shares/shares-search-results/x/xencor-inc-usd0.01,Xencor Inc  (XNCR),True,XNCR,BGCYWN8,Biotechnology,## Not ETF,,NASDAQ,United States,NASDAQ Comb. Composite,USD,21.92,16.49,30.15,0%,0,1350000000,0,17.19727401598392,12.937182870601038,23.654097243700505,1059138682.553754
https://www.hl.co.uk/shares/shares-search-results/x/xenetic-biosciences-inc-usd1.001,Xenetic Biosciences Inc  (XBIO),True,XBIO,BMWGSB6,Biotechnology,## Not ETF,,NASDAQ,United States,,USD,4.2,2.55,5.97,0%,0,6450000,0,3.295098123500568,2.000595289268202,4.683746618404379,5060329.261090158
https://www.hl.co.uk/shares/shares-search-results/x/xenon-pharmaceuticals-inc-npv,Xenon Pharmaceuticals Inc  (XENE),True,XENE,BRJ3GY4,Biotechnology,## Not ETF,,NASDAQ,Canada,NASDAQ Comb. Composite,USD,43.71,28,50.86,0%,0,3290000000,0,34.29255689957377,21.96732082333712,39.90206918124735,2581160196.7421117
https://www.hl.co.uk/shares/shares-search-results/x/xeris-biopharma-holdings-inc-usd0.0001,Xeris Biopharma Holdings Inc  (XERS),True,XERS,BLR7H87,Pharmaceuticals,## Not ETF,,NASDAQ,United States,NASDAQ Comb. Composite,USD,2.12,1.25,3.26,0%,0,299170000,0,1.6632400051955247,0.98068396532755,2.55762378157425,234712977.5256345
https://www.hl.co.uk/shares/shares-search-results/x/xeros-technology-group-plc-ord-gbp0.01,Xeros Technology Group plc  (XSG),True,XSG,BMGYBJ5,Industrial Engineering,## Not ETF,,London Stock Exchange,,,GBX,2.75,1.7,4.4,0%,0,533000000,8386,0.0275,0.017,0.044000000000000004,5330000
https://www.hl.co.uk/shares/shares-search-results/x/xerox-holdings-corp-usd1,Xerox Holdings Corp  (XRX),True,XRX,BJJD5G3,"Technology Hardware, Storage & Peripherals",## Not ETF,,NASDAQ,United States,NASDAQ Comb. Composite,USD,16.5,12.06,19.78,6.02%,0,2060000000,0,12.94502834232366,9.461638897480203,15.518343067343151,1616167174.8598022
https://www.hl.co.uk/shares/shares-search-results/x/xilio-therapeutics-inc-usd0.0001,Xilio Therapeutics Inc  (XLO),True,XLO,BMV6Y64,Biotechnology,## Not ETF,,NASDAQ,United States,NASDAQ Comb. Composite,USD,0.63,0.49,3.58,0%,0,17810000,0,0.4942647185250852,0.3844281144083996,2.808678876698103,13972785.137986932
https://www.hl.co.uk/shares/shares-search-results/x/xintela-ab-npv,Xintela AB  (XINT),True,XINT,BYZJ8X8,Biotechnology,## Not ETF,,Stockholm Stock Exchange,Sweden,,SEK,0.26,0.21,0.29,0%,0,147420000,0,0.01970353677022016,0.01591439508363936,0.021977021782168638,11171905.34871483
https://www.hl.co.uk/shares/shares-search-results/x/xinyuan-real-estate-co-ltd-adr,Xinyuan Real Estate Co Ltd  (XIN),True,XIN,BP5J9J8,Real Estate Development,## Not ETF,,,Cayman Islands,,USD,2.6,1.92,6.51,0%,0,15920000,0,2.039822647881304,1.5063305707431167,5.10740209142588,12489990.982411677
https://www.hl.co.uk/shares/shares-search-results/x/xior-student-housing-nv-npv,Xior Student Housing NV  (XIOR),True,XIOR,BZ1NNF8,Multi-Family Residential REITs,## Not ETF,,Euronext Brussels,Belgium,,EUR,25.5,24.8,32.35,6.93%,0,974810000,0,21.784447201959583,21.186442768964614,27.636347724838924,832772430.4683224
https://www.hl.co.uk/shares/shares-search-results/x/xlmedia-plc-ordinary-shares,XLMedia plc  (XLM),True,XLM,BH6XDL3,Media,## Not ETF,,London Stock Exchange,,,GBX,6.45,6.1,15.75,0%,9.12,1676000000.0000002,1493680,0.0645,0.061,0.1575,16760000.000000002
https://www.hl.co.uk/shares/shares-search-results/x/xoma-corp-8.375-pref-perp-8.375-pref-shar,XOMA Corp  (XOMAO),True,XOMAO,BMCK090,Biotechnology,## Not ETF,,NASDAQ,United States,,USD,25.05,20.43,25.34,8.37%,0,0,0,19.652906665164103,16.028298729313477,19.88042534512009,0
https://www.hl.co.uk/shares/shares-search-results/x/xoma-corp-8.625-cum-perp-pref-a,XOMA Corp  (XOMAP),True,XOMAP,BL6P232,Biotechnology,## Not ETF,,NASDAQ,United States,,USD,25.18,21.4,25.98,8.62%,0,299600000,0,19.754897797558165,16.789309486407653,20.382535535367797,235050332.80970716
https://www.hl.co.uk/shares/shares-search-results/x/xoma-corp-usd0.0075,XOMA Corp  (XOMA),True,XOMA,BYP7GF0,Biotechnology,## Not ETF,,NASDAQ,United States,NASDAQ Comb. Composite,USD,25.19,13.48,26.5,0%,0,299600000,0,19.762743269280787,10.5756958820923,20.79050006494406,235050332.80970716
https://www.hl.co.uk/shares/shares-search-results/x/xometry-inc-usd0.000001-a,Xometry Inc  (XMTR),True,XMTR,BP7L5C7,Trading Companies & Distributors,## Not ETF,,NASDAQ,United States,NASDAQ Comb. Composite,USD,16.75,12.48,38.73,0%,0,821940000,0,13.14116513538917,9.791148709830258,30.385511981708806,644850702.7690611
https://www.hl.co.uk/shares/shares-search-results/x/xos-inc-usd1.0001,Xos Inc  (XOS),True,XOS,BSBGY88,Construction Machinery & Heavy Transportation Equipment,## Not ETF,,NASDAQ,United States,,USD,12.51,5.5,22.5,0%,0,73000000,0,9.81468512499812,4.31500944744122,17.6523113758959,57271943.57512892
https://www.hl.co.uk/shares/shares-search-results/x/xp-factory-plc-ord-1.25p,XP Factory Plc  (XPF),True,XPF,BDB79J2,Nonequity Investment Instruments,## Not ETF,,London Stock Exchange,,,GBX,14.25,13.75,23,0%,0,2487000000,462241,0.14250000000000002,0.1375,0.23,24870000
https://www.hl.co.uk/shares/shares-search-results/x/xp-inc-usd0.00001-a,XP Inc  (XP),True,XP,BK4Y052,Investment Banking & Brokerage,## Not ETF,,NASDAQ,Cayman Islands,NASDAQ Comb. Composite,USD,25.11,10.31,27.71,11.55%,0,13830000000,0,19.69997949549982,8.088681346021632,21.739802143381127,10850287392.384012
https://www.hl.co.uk/shares/shares-search-results/x/xp-power-limited-ordinary-1p,XP Power Limited  (XPP),True,XPP,B1RMWL0,Electronic & Electrical Equipment,## Not ETF,,London Stock Exchange,,,GBX,980,684,2485,9.33%,12.23,23871000000,600765,9.8,6.84,24.85,238710000
https://www.hl.co.uk/shares/shares-search-results/x/xpel-inc-usd1.001-reg-s,XPEL Inc  (XPEL),True,XPEL,BJV2ZZ7,Automotive Parts & Equipment,## Not ETF,,NASDAQ,United States,,USD,48.4,40.77,87.46,0%,0,1340000000,0,37.972083137482734,31.98598821312337,68.61649568603801,1051293210.8311336
https://www.hl.co.uk/shares/shares-search-results/x/xpeng-inc-ads-each-rep-2-ord-shs-a,XPeng Inc  (XPEV),True,XPEV,BMXR2T4,Automobile Manufacturers,## Not ETF,,New York Stock Exchange,Cayman Islands,,USD,9.65,7.51,23.61,0%,0,8860000000,0,7.570880212328686,5.89194926368792,18.523158737106762,6951087946.241674
https://www.hl.co.uk/shares/shares-search-results/x/xperi-inc-com-usd0.001,Xperi Inc  (XPER),True,XPER,BQV3RS6,Systems Software,## Not ETF,,,United States,,USD,10.86,7.91,13.62,0%,0,478130000,0,8.520182290765753,6.205768132592736,10.685532486208984,375115539.47364914
https://www.hl.co.uk/shares/shares-search-results/x/xpo-inc-usd0.001,XPO Inc  (XPO),True,XPO,B6Z1355,Cargo Ground Transportation,## Not ETF,,New York Stock Exchange,United States,,USD,122.56,29.02,129.13,0%,0,14330000000,0,96.15410143243562,22.7675589390444,101.30857635419721,11242560978.515032
https://www.hl.co.uk/shares/shares-search-results/x/xponential-fitness-inc-usd0.0001-a,Xponential Fitness Inc  (XPOF),True,XPOF,BP0TJN7,Leisure Facilities,## Not ETF,,,United States,,USD,14.66,8.3,33.58,0%,0,707590000,0,11.501461545361506,6.511741529774932,26.3450940445593,555137733.6208968
https://www.hl.co.uk/shares/shares-search-results/x/xps-pensions-group-plc-gbp0.0005,XPS Pensions Group Plc  (XPS),True,XPS,BDDN1T2,General Financial,## Not ETF,,London Stock Exchange,,,GBX,226,147,245,3.65%,17.2,47386000000,638157,2.2600000000000002,1.47,2.45,473860000
https://www.hl.co.uk/shares/shares-search-results/x/xr-immersive-tech-inc-npv2,XR Immersive Tech Inc  (VRAI),True,VRAI,BLDBBF8,No specific industry,## Not ETF,,,Canada,,CAD,0.18,0.12,0.27,0%,0,2750000,0,0.10436122849135139,0.0695741523275676,0.1565418427370271,1594407.6575067574
https://www.hl.co.uk/shares/shares-search-results/x/xspray-pharma-ab-npv,Xspray Pharma AB  (XSPRAY),True,XSPRAY,BD8PCR8,Biotechnology,## Not ETF,,Stockholm Stock Exchange,Sweden,,SEK,44.3,33,47.9,0%,0,1110000000,0,3.3571795343105886,2.500833513143328,3.629997735744406,84118945.44209376
https://www.hl.co.uk/shares/shares-search-results/x/xtant-medical-hldgs-inc-usd0.000001,Xtant Medical Hldgs Inc  (XTNT),True,XTNT,BYWFGK2,Health Care Supplies,## Not ETF,,,United States,,USD,1.14,0.56,1.45,0%,0,148330000,0,0.8943837763787255,0.43934641646674244,1.1375933997799579,116371882.06162839
https://www.hl.co.uk/shares/shares-search-results/x/xti-aerospace-inc-usd0.001,XTI Aerospace Inc  (XTIA),True,XTIA,BP9QDX7,n/a,## Not ETF,,,United States,,GBX,0,0,0,0%,0,0,0,0,0,0,0
https://www.hl.co.uk/shares/shares-search-results/x/xtl-biopharmaceuticals-ltd-adr,XTL Biopharmaceuticals Ltd  (XTLB),True,XTLB,BD81H48,Biotechnology,## Not ETF,,NASDAQ,Israel,,USD,0.85,0.75,1.54,0%,0,5110000,0,0.666865096422734,0.5884103791965299,1.2082026452835415,4009036.0502590244
https://www.hl.co.uk/shares/shares-search-results/x/xtra-gold-resources-corp-npv,Xtra-Gold Resources Corp  (XTG),True,XTG,B7ZP0T7,Gold,## Not ETF,,Toronto Stock Exchange,United States,,CAD,1.14,0.76,1.14,0%,0,52820000,0,0.6609544471118921,0.4406362980745948,0.6609544471118921,30624222.716184337
https://www.hl.co.uk/shares/shares-search-results/x/xtrackers-msci-europe-utilities-esg-screene,Xtrackers  MSCI Europe Utilities ESG Screened UCITS ETF 1C  (XS6R),True,XS6R,B39DXH8,ETF 1x,Utilities,NESTLE SA   24.22%      NOVARTIS AG    18.24%      ROCHE HLDG AG    15.72%     UBS AG ORD CHF 0.1   6.58%     CREDIT SUISSE GROUP   6.50%     ABB LTD   6.29%     ZURICH INSURANCE GROUP AG   4.75%     Syngenta AG ORD CHF 0.1   3.32%      LAFARGEHOLCIM LTD    2.36%     Compagnie Financiere Richemont Ag ORD CHF 1   2.33%,London Stock Exchange,,,GBX,10850,9970,11680,0%,0,0,180,108.5,99.7,116.8,0
https://www.hl.co.uk/shares/shares-search-results/x/xtrackers-msci-europe-index-ucits-dr,Xtrackers  MSCI Europe Index UCITS ETF (DR) 1C  (XMEU),True,XMEU,B1WG983,ETF 1x,Regional,HSBC HLDGS    3.05%     NESTLE SA   2.77%      BP    2.63%     TOTAL SA   1.90%      ROCHE HLDG AG    1.89%      NOVARTIS AG    1.89%     Vodafone Group Plc ORD USD 0.11428571   1.85%     BANCO SANTANDER SA   1.67%     TELEFONICA SA   1.59%     GLAXOSMITHKLINE   1.55%,London Stock Exchange,,,GBX,7445,6363,7482,0%,0,0,2748,74.45,63.63,74.82000000000001,0
https://www.hl.co.uk/shares/shares-search-results/x/xtrackers-msci-europe-financials-esg-screen,Xtrackers  MSCI Europe Financials ESG Screened UCITS ETF  (XS7R),True,XS7R,B39DXD4,ETF 1x,ESG,HSBC HLDGS    18.55%     BANCO SANTANDER SA   10.14%      BNP PARIBAS SA    6.83%      BARCLAYS    5.26%     UBS AG ORD CHF 0.1   4.81%     BANCO BILBAO VIZCAYA ARGENTARIA SA   4.73%     CREDIT SUISSE GROUP   4.72%     UNICREDIT SPA   4.51%      SOCIETE GENERALE SA    3.96%     DEUTSCHE BANK AG   3.81%,London Stock Exchange,,,GBX,4055.75,3110,4093,0%,0,0,66,40.5575,31.1,40.93,0
https://www.hl.co.uk/shares/shares-search-results/x/xtrackers-x-msci-eu-materials-esg-ucits-etf,Xtrackers  X MSCI EU Materials ESG UCITS ETF  (XSPR),True,XSPR,B39DX89,ETF 1x,ESG,RIO TINTO    20.74%     BHP Billiton Plc ORD USD 0.5   20.14%      ANGLO AMERICAN    14.25%     ARCELORMITTAL SA   10.55%     XSTRATA   8.85%     TENARIS S.A.   2.90%     Randgold Resources Ld ORD USD 0.05   1.86%      UPM-KYMMENE OYJ    1.67%      ANTOFAGASTA    1.54%      NORSK HYDRO ASA    1.42%,London Stock Exchange,,,GBX,13798,11320,13830,0%,0,0,164,137.98,113.2,138.3,0
https://www.hl.co.uk/shares/shares-search-results/x/xtrackers-msci-europe-industrial-esg-scree,Xtrackers  MSCI Europe Industrial ESG Screened UCITS ETF 1C  (XSNR),True,XSNR,B39DXT0,ETF 1x,ESG,SIEMENS AG   13.06%     ABB LTD   8.76%      SCHNEIDER ELECTRIC SE    5.21%      BAE SYSTEMS    3.79%     Rolls-Royce Group Plc ORD GBP 0.2   2.86%      DEUTSCHE POST AG    2.51%      ALSTOM    2.44%      SANDVIK AB    2.12%     THYSSENKRUPP AG   1.95%     VALLOUREC SA   1.87%,London Stock Exchange,,,GBX,13808,10813,13829,0%,0,0,207,138.08,108.13,138.29,0
https://www.hl.co.uk/shares/shares-search-results/x/xtrackers-msci-europe-communication-service,Xtrackers  MSCI Europe Comm Services ESG Screened UCITS ETF  (XSKR),True,XSKR,B39DXF6,ETF 1x,ESG,Vodafone Group Plc ORD USD 0.11428571   27.08%     TELEFONICA SA   22.40%      ORANGE SA    10.67%      DEUTSCHE TELEKOM AG    9.05%     KONINKLIJKE KPN NV   6.31%      TELIA CO AB    3.65%      TELECOM ITALIA SPA(NEW)    3.49%      BT GROUP    3.45%      TELENOR ASA    2.26%      SWISSCOM AG    1.80%,London Stock Exchange,,,GBX,5965,5486.5,6427,0%,0,0,400,59.65,54.865,64.27,0
https://www.hl.co.uk/shares/shares-search-results/x/xtrackers-msci-japan-index-ucits-dr,Xtrackers  MSCI Japan Index UCITS ETF (DR)  (XMJD),True,XMJD,B24CWK9,ETF 1x,Regional,TOYOTA MOTOR CORP   4.95%     MITSUBISHI UFJ FINANCIAL GROUP   2.93%     HONDA MOTOR CO   2.61%     CANON INC   2.05%     SUMITOMO MITSUI FINANCIAL GROUP INC   1.90%     SONY CORP   1.58%     TAKEDA PHARMACEUTICAL CO   1.55%     TOKYO ELECTRIC POWER CO HLDGS INC   1.55%     MITSUBISHI CORP   1.45%     PANASONIC CORP   1.27%,London Stock Exchange,,,USD,79.97,63.82,82.97,0%,0,0,718,62.74023736579534,50.06980053376339,65.09387888258145,0
https://www.hl.co.uk/shares/shares-search-results/x/xtrackers-msci-europe-info-tech-esg-screene,Xtrackers  MSCI Europe Info Technology ESG Screened UCITS ETF  (XS8R),True,XS8R,B39DXG7,ETF 1x,ESG,NOKIA CORP    24.46%      SAP SE    19.42%     TELEFONAKTIEBOLAGET LM ERICSSON   14.67%     ASML Hldg NV ORD EUR 0.09   6.48%     ALCATEL-LUCENT/FRANCE   3.44%      CAPGEMINI SE    3.32%      INFINEON TECHNOLOGIES AG    2.86%     ST MICROELECTRONICS   2.80%     Autonomy Corporation Plc ORD GBP 0.00333   2.48%     Sage Group Plc ORD GBP 0.01   2.29%,London Stock Exchange,,,GBX,11737,8313,11871,0%,0,0,16,117.37,83.13,118.71000000000001,0
https://www.hl.co.uk/shares/shares-search-results/x/xtrackers-msci-world-quality-ucits-etf-1c,Xtrackers  MSCI World Quality UCITS ETF 1C  (XDEQ),True,XDEQ,BRCJ8J8,ETF 1x,Portfolios: Quality,,London Stock Exchange,,,GBX,5175,4027,5185,0%,0,0,4458,51.75,40.27,51.85,0
https://www.hl.co.uk/shares/shares-search-results/x/xtrackers-msci-europe-esg-ucits-etf-1c,Xtrackers  MSCI Europe ESG UCITS ETF 1C  (XZEU),True,XZEU,BF2L4L4,ETF 1x,ESG,,London Stock Exchange,,,GBX,2546.5,2153,2553,0%,0,0,2,25.465,21.53,25.53,0
https://www.hl.co.uk/shares/shares-search-results/x/xtrackers-msci-japan-ucits-etf-2d-hedged,Xtrackers  MSCI Japan UCITS ETF 2D Hedged (USD)  (XMUJ),True,XMUJ,BCBV5C2,ETF 1x,Regional,,London Stock Exchange,,,USD,41.13,27.18,42.37,0%,0,0,2504,32.2684251951377,21.323992142082247,33.241263688742634,0
https://www.hl.co.uk/shares/shares-search-results/x/xtrackers-msci-world-esg-screened-ucits-etf,Xtrackers  MSCI World ESG Screened UCITS ETF 1D  (XDWY),True,XDWY,BFMG5Y9,ETF 1x,ESG,,London Stock Exchange,,,USD,21.93,17.45,22.22,0%,0,0,200,17.205119487706536,13.690348155972597,17.432638167662528,0
https://www.hl.co.uk/shares/shares-search-results/x/xtrackers-dax-ucits-etf-dr-1c,Xtrackers  DAX UCITS ETF (DR) 1C  (XDAX),True,XDAX,BYX5678,ETF 1x,Index,SAP SE    10.32%      SIEMENS AKTIENGESELLSCHAFT    8.61%      ALLIANZ SE    8.12%      AIRBUS SE    6.88%      DEUTSCHE TELEKOM AG    6.58%      MUNCHENER RUCKVERSICHERUNGS AG    4.77%      DAIMLER AG    4.05%      BAYER AKTIENGESELLSCHAFT    3.72%      BASF SE    3.62%      INFINEON TECHNOLOGIES AG    3.33%,London Stock Exchange,,,GBX,14520,12024,14532,0%,0,0,3539,145.20000000000002,120.24000000000001,145.32,0
https://www.hl.co.uk/shares/shares-search-results/x/xtrackers-msci-world-index-ucits-etf,Xtrackers  MSCI World Index UCITS ETF  (XMWD),True,XMWD,B24CVW4,ETF 1x,Index,EXXON MOBIL CORP   1.50%      MICROSOFT CORP    1.10%      HSBC HLDGS    0.90%      PROCTER &amp; GAMBLE CO    0.89%      APPLE INC    0.87%      JOHNSON &amp; JOHNSON    0.83%     NESTLE SA   0.82%     GENERAL ELECTRIC CO.   0.81%     INTERNATIONAL BUSINESS MACHINES CORP   0.80%     BANK OF AMERICA CORP   0.79%,London Stock Exchange,,,USD,103.64,80.63,105.01,0%,0,0,1246,81.31046893323783,63.25803849948828,82.38529855923682,0
https://www.hl.co.uk/shares/shares-search-results/x/xtrackers-msci-europe-health-care-esg-scree,Xtrackers  MSCI Europe Health Care ESG Screened UCITS ETF 1C  (XSDR),True,XSDR,B39DXC3,ETF 1x,ESG,NOVARTIS AG    20.81%      ROCHE HLDG AG    17.99%     GLAXOSMITHKLINE   14.81%      SANOFI    11.88%      ASTRAZENECA    9.60%     Novo Nordisk AS ORD B DKK 1   5.01%      ESSILORLUXOTTICA    1.95%     SHIRE   1.83%      FRESENIUS MEDICAL CARE AG &amp; CO.KGAA    1.51%      SMITH &amp; NEPHEW    1.38%,London Stock Exchange,,,GBX,19248,16244,19376,0%,0,0,20,192.48000000000002,162.44,193.76,0
https://www.hl.co.uk/shares/shares-search-results/x/xtrackers-x-msci-uk-esg-ucits-etf-dr,Xtrackers  X MSCI UK ESG UCITS ETF (DR)  (XASX),True,XASX,B1WK2H5,ETF 1x,ESG,ASTRAZENECA    17.64%      HSBC HOLDINGS    13.60%      UNILEVER    11.36%      RELX    6.31%      RECKITT BENCKISER GROUP    4.59%      PRUDENTIAL    2.74%      ASHTEAD GROUP    2.39%      3i Group Plc 3i Group Plc Ord GBP0.738636    2.19%      VODAFONE GROUP PUBLIC LIMITED COMPANY    2.02%      LEGAL &amp; GENERAL GROUP    1.47%,London Stock Exchange,,,GBX,372.95,353.55,403.9,0%,0,0,9030,3.7295,3.5355000000000003,4.039,0
https://www.hl.co.uk/shares/shares-search-results/x/xtrackers-ftse-250-ucits-etf-dr,Xtrackers  FTSE 250 UCITS ETF (DR)  (XMCX),True,XMCX,B1WK0B5,ETF 1x,Index,INTERMEDIATE CAPITAL GROUP    1.27%      GAMES WORKSHOP GROUP    1.14%      SPECTRIS    1.13%      PERSIMMON    1.13%      HISCOX LTD    1.10%      Greencoat UK Wind Plc Greencoat UK Wind Ord GBP0.01    1.10%      ABRDN    1.05%      Alliance Trust Alliance Trust Ord GBP0.25    1.00%      INVESTEC    1.00%      BRITISH LAND CO    0.96%,London Stock Exchange,,,GBX,1838,1602.2,1880.2,0%,0,0,571,18.38,16.022000000000002,18.802,0
https://www.hl.co.uk/shares/shares-search-results/x/xtrackers-msci-korea-index-ucits-etf,Xtrackers  MSCI Korea Index UCITS ETF (DR)  (XKS2),True,XKS2,B1WKZ76,ETF 1x,Index,SAMSUNG ELECTRONICS CO   18.19%     POSCO   7.76%     HYUNDAI MOTOR CO   3.93%     SHINHAN FINANCIAL GROUP   3.73%     KB FINANCIAL GROUP INC   3.58%     SK HYNIX INC   2.29%     LG ELECTRONICS INC   2.23%     LG CHEM   2.20%     SAMSUNG ELECTRONICS CO   2.18%     KOREA ELECTRIC POWER CORP   2.13%,London Stock Exchange,,,GBX,6407.5,5410,6431,0%,0,0,0,64.075,54.1,64.31,0
https://www.hl.co.uk/shares/shares-search-results/x/xtrackers-x-msci-eu-cons-staples-esg-etf,Xtrackers  X MSCI EU Cons Staples ESG UCITS ETF  (XS3R),True,XS3R,B39DXQ7,ETF 1x,ESG,NESTLE SA   37.01%     UNILEVER NV   9.67%      DIAGEO    8.29%      UNILEVER    7.88%     DANONE   7.34%     Anheuser-Busch InBev ORD EUR NPV   7.08%     Sabmiller Plc ORD USD 0.1   5.18%      PERNOD-RICARD    3.16%      HEINEKEN NV    2.45%      CARLSBERG    1.62%,London Stock Exchange,,,GBX,12934,12432,14780,0%,0,0,182,129.34,124.32000000000001,147.8,0
https://www.hl.co.uk/shares/shares-search-results/x/xtrackers-msci-malaysia-index-etf-dr,Xtrackers  MSCI Malaysia Index UCITS ETF (DR)  (XCS3),True,XCS3,B40BG46,ETF 1x,Regional,,London Stock Exchange,,,USD,10.43,9.22,10.48,0%,0,0,0,8.182827006693076,7.233524928256009,8.22205436530618,0
https://www.hl.co.uk/shares/shares-search-results/x/xtrackers-msci-indonesia-indx-ucits-etf,Xtrackers  MSCI Indonesia Index UCITS ETF  (XMID),True,XMID,B5SZD35,ETF 1x,Index,,London Stock Exchange,,,GBX,1326,1184.5,1388,0%,0,0,300,13.26,11.845,13.88,0
https://www.hl.co.uk/shares/shares-search-results/x/xtrackers-euro-stoxx-50-ucits-dr-1d,Xtrackers  Euro STOXX 50 UCITS ETF (DR) 1D  (XESX),True,XESX,B2PDCG7,ETF 1x,Index,TOTAL SA   4.83%      SANOFI    4.47%     BAYER AG   4.35%     ANHEUSER BUSCH INBEV SA/NV   4.29%      SAP SE    3.58%     ALLIANZ SE   3.52%      DAIMLER AG    3.37%     SIEMENS AG   3.29%     UNILEVER NV   3.05%     BANCO SANTANDER SA   2.97%,London Stock Exchange,,,GBX,4427,3636.5,4445,0%,0,0,7227,44.27,36.365,44.45,0
https://www.hl.co.uk/shares/shares-search-results/x/xtrackers-msci-thailand-index-etf-dr,Xtrackers  MSCI Thailand Index UCITS ETF (DR)  (XCX4),True,XCX4,B40BCN7,ETF 1x,Regional,,London Stock Exchange,,,GBX,1600.75,1536,1934,0%,0,0,0,16.0075,15.36,19.34,0
https://www.hl.co.uk/shares/shares-search-results/x/xtrackers-msci-china-index-ucits-etf-dr,Xtrackers  MSCI China Index UCITS ETF (DR)  (XCX6),True,XCX6,B4LV9V3,ETF 1x,Regional,TENCENT HOLDINGS LIMITED   13.21%     ALIBABA GROUP HOLDING LIMITED   8.96%     MEITUAN   3.83%      PDD HOLDINGS INC    3.24%     CHINA CONSTRUCTION BANK CORPORATION   2.91%     NETEASE INC   2.22%     PING AN INSURANCE (GROUP) COMPANY OF CHINA   1.83%     BYD CO.   1.69%     INDUSTRIAL & COMMERCIAL BANK OF CHINA LIMITED   1.67%     JD.COM   1.60%,London Stock Exchange,,,GBX,1006.5,893.5,1248,0%,0,0,8936,10.065,8.935,12.48,0
https://www.hl.co.uk/shares/shares-search-results/x/xtrackers-msci-philippines-im-index-dr,Xtrackers  MSCI Philippines IM Index UCITS ETF (DR)  (XPHI),True,XPHI,B5VJL30,ETF 1x,Regional,,London Stock Exchange,,,USD,1.64,1.36,1.67,0%,0,0,122,1.2866573625097455,1.0669841542763745,1.3101937776776067,0
https://www.hl.co.uk/shares/shares-search-results/x/xtrackers-msci-canada-index-esg-screened,Xtrackers  MSCI Canada Index ESG Screened UCITS ETF (DR)  (XCAD),True,XCAD,B5N33Z6,ETF 1x,ESG,,London Stock Exchange,,,USD,76.5,62.35,77.65,0%,0,0,6547,60.01785867804605,48.91651619053819,60.92008792614741,0
https://www.hl.co.uk/shares/shares-search-results/x/xtrackers-ftse-developed-europe-real-estate,Xtrackers  FTSE Developed Europe Real Estate UCITS ETF  (XDER),True,XDER,B5QM0F9,ETF 1x,REIT & Property,VONOVIA SE    9.51%      Segro Segro Ord GBP0.1    6.30%      SWISS PRIME SITE    4.19%      PSP SWISS PROPERTY AG    3.30%      LAND SECURITIES GROUP    3.03%      UNIBAIL-RODAMCO-WESTFIELD SE    3.02%      GECINA    3.01%      KLEPIERRE    2.97%      LEG IMMOBILIEN SE    2.75%      CASTELLUM AKTIEBOLAG    2.42%,London Stock Exchange,,,GBX,1868.1,1551.6,2070,0%,0,0,66,18.681,15.516,20.7,0
https://www.hl.co.uk/shares/shares-search-results/x/xtrackers-x-commodity-ex-agri-swap-ucits,Xtrackers  X Commodity Ex Agri Swap GBP UCITS ETF  (XDBG),True,XDBG,B6873M7,ETF 1x,ETC - Generic Commodities,,London Stock Exchange,,,GBX,3269,2992,3398,0%,0,0,280,32.69,29.92,33.980000000000004,0
https://www.hl.co.uk/shares/shares-search-results/x/xtrackers-s-and-p-select-frontier,Xtrackers  S&P Select Frontier UCITS ETF  (XSFR),True,XSFR,B2PDL59,ETF 1x,Index,MOBILE TELECOMMUNICATIONS   10.05%     NATIONAL BANK OF KUWAIT   8.69%     Ecopetrol SA ORD COP 250   7.22%     KUWAIT FINANCE HOUSE   6.54%     KAZ MINERALS   5.41%     Bk Cyprus Ltd ORD CYP 0.5   5.23%     Eurasian Natural Resources Corp Plc ORD USD 0.2   4.86%     Kazmunaigaz GDR REGS USD NPV   3.94%     Emaar Properties ORD AED 1   3.82%     Bancolombia SA PREF CV COP 500   3.60%,London Stock Exchange,,,GBX,1406.5,1163,1454.5,0%,0,0,406,14.065,11.63,14.545,0
https://www.hl.co.uk/shares/shares-search-results/x/xtrackers-msci-em-emea-esg-swap-ucits-etf,Xtrackers  MSCI EM EMEA ESG SWAP UCITS ETF  (XMXD),True,XMXD,B24CX06,ETF 1x,ESG,TEVA PHARMACEUTICAL INDUSTRIES   8.81%     GAZPROM PJSC   8.41%     LUKOIL PJSC   3.89%     SBERBANK OF RUSSIA   3.47%     MTN GROUP   3.42%     SASOL   3.33%     STANDARD BANK GROUP   2.60%     NASPERS   2.31%     IMPALA PLATINUM HLDGS   2.06%     MMC NORILSK NICKEL PJSC   2.04%,London Stock Exchange,,,USD,30.72,26.62,31.11,0%,0,0,1,24.101289131889867,20.884645725615506,24.407262529072064,0
https://www.hl.co.uk/shares/shares-search-results/x/xtrackers-dblci-oy-balanced-ucits-gbp,Xtrackers  X Commodity Ex Agri Swap GBP UCITS ETF  (XDBG),True,XDBG,B6873M7,ETF 1x,ETC - Generic Commodities,,London Stock Exchange,,,GBX,3269,2992,3398,0%,0,0,280,32.69,29.92,33.980000000000004,0
https://www.hl.co.uk/shares/shares-search-results/x/xtrackers-s-and-p-500-swap-ucits-etf,Xtrackers  S&P 500 Swap UCITS ETF  (XSPX),True,XSPX,B690381,ETF 1x,Index,MICROSOFT CORPORATION    7.15%      APPLE    7.14%      AMAZON.COM    3.44%      NVIDIA CORP    2.87%      ALPHABET INC    2.10%      META PLATFORMS    1.91%      ALPHABET INC    1.80%      BERKSHIRE HATHAWAY    1.77%      TESLA    1.58%      UNITEDHEALTH GROUP INCORPORATED    1.41%,London Stock Exchange,,,GBX,7974,6208,7974,0%,0,0,7271,79.74,62.08,79.74,0
https://www.hl.co.uk/shares/shares-search-results/x/xtrackers-msci-mexico-index-ucits-dr,Xtrackers  MSCI Mexico Index UCITS ETF (DR)  (XMEX),True,XMEX,B42Y5M4,ETF 1x,Regional,,London Stock Exchange,,,GBX,560,458.05,585.5,0%,0,0,12739,5.6000000000000005,4.5805,5.855,0
https://www.hl.co.uk/shares/shares-search-results/x/xtrackers-csi300-ucits-etf-class-1c,Xtrackers  CSI300 UCITS ETF Class 1C  (XCHA),True,XCHA,B89G2C0,ETF 1x,Not classified,,London Stock Exchange,,,USD,13.42,11.81,15.94,0%,0,0,43224,10.528623051756576,9.265502104414692,12.505681925856917,0
https://www.hl.co.uk/shares/shares-search-results/x/xtrackers-ftse-100-ucits-etf-dr,Xtrackers  FTSE 100 UCITS ETF (DR)  (XDUK),True,XDUK,B921DR1,ETF 1x,Regional,HSBC HLDGS    6.28%      BRITISH AMERICAN TOBACCO    4.52%     GLAXOSMITHKLINE   4.45%      BP    4.17%      VODAFONE GROUP    3.80%      ASTRAZENECA    3.56%     ROYAL DUTCH SHELL   3.54%      DIAGEO    3.01%      LLOYDS BANKING GROUP    2.75%     SABMILLER PLC   2.61%,London Stock Exchange,,,GBX,1152,1037.2,1152.2,0%,0,0,2233,11.52,10.372,11.522,0
https://www.hl.co.uk/shares/shares-search-results/x/xtrackers-physical-gold-etc,Xtrackers  Physical Gold ETC  (XGLD),True,XGLD,B5840F3,ETF 1x,ETC - Metals,,London Stock Exchange,,,USD,209,174.8,210.24,0%,0,0,251,163.97035900276634,137.1388457114046,164.94319749637128,0
https://www.hl.co.uk/shares/shares-search-results/x/xtrackers-msci-emu-index-ucits-dr-gbp,Xtrackers  MSCI EMU INDEX UCITS ETF DR GBP  (XD5S),True,XD5S,BWTW3V2,ETF 1x,Index,,London Stock Exchange,,,GBX,3307.5,2683,3334,0%,0,0,90,33.075,26.830000000000002,33.34,0
https://www.hl.co.uk/shares/shares-search-results/x/xtrackers-physical-gold-gbp-hedged-etc,Xtrackers (IE) plc  Physical Gold GBP Hedged ETC  (XGDG),True,XGDG,BM97NN9,ETF 1x,ETC - Metals,,London Stock Exchange,,,GBX,2567,2163.5,2588,0%,0,0,2755,25.67,21.635,25.88,0
https://www.hl.co.uk/shares/shares-search-results/x/xtrackers-msci-malaysia-ucits-etf,Xtrackers  MSCI Malaysia UCITS ETF  (XCX3),True,XCX3,B4LZ6C5,ETF 1x,Regional,,London Stock Exchange,,,GBX,818.13,726,829.75,0%,0,0,15279,8.1813,7.26,8.2975,0
https://www.hl.co.uk/shares/shares-search-results/x/xtrackers-s-and-p-500-ucits-etf,Xtrackers  S&P 500 UCITS ETF  (XSPU),True,XSPU,B3N14D1,ETF 1x,Index,MICROSOFT CORPORATION    7.15%      APPLE    7.14%      AMAZON.COM    3.44%      NVIDIA CORP    2.87%      ALPHABET INC    2.10%      META PLATFORMS    1.91%      ALPHABET INC    1.80%      BERKSHIRE HATHAWAY    1.77%      TESLA    1.58%      UNITEDHEALTH GROUP INCORPORATED    1.41%,London Stock Exchange,,,USD,101.43,75.15,102.07,0%,0,0,17450,79.57661968253872,58.95871999549231,80.07872987278641,0
https://www.hl.co.uk/shares/shares-search-results/x/xtrackers-ii-eurozone-govt-bond-dr,Xtrackers  Eurozone Government Bond UCITS ETF (DR)  (XGLE),True,XGLE,B600ZV7,ETF 1x,Bonds,FRANCE (GOVT OF)   0.86%     FRANCE (GOVT OF)   0.83%     FRANCE (GOVT OF)   0.81%     FRANCE (GOVT OF)   0.79%     FRANCE (GOVT OF)   0.78%     FRANCE (GOVT OF)   0.73%     FRANCE (GOVT OF)   0.71%     FRANCE (GOVT OF)   0.68%     FRANCE (GOVT OF)   0.68%     FRANCE (GOVT OF)   0.67%,London Stock Exchange,,,EUR,214.41,200.82,219.32,0%,0,0,1129,183.16875782635898,171.55892890578525,187.36333177779514,0
https://www.hl.co.uk/shares/shares-search-results/x/xtrackers-harvest-ftse-china-ah50idx-dr,Xtrackers  Harvest FTSE China A-H 50 Index UCITS ETF (DR)  (AH50),True,AH50,BYXZTY6,ETF 1x,Regional,,London Stock Exchange,,,USD,23.8,21.41,28.49,0%,0,0,0,18.672222699836553,16.797154958130275,22.351748937745516,0
https://www.hl.co.uk/shares/shares-search-results/x/xtrackers-msci-pakistan-im-index-ucits,Xtrackers  MSCI Pakistan IM Index UCITS ETF  (XBAK),True,XBAK,B8J4B50,ETF 1x,Index,,London Stock Exchange,,,USD,0.86,0.54,0.87,0%,0,0,15946,0.6747105681453544,0.4236554730215016,0.6825560398679748,0
https://www.hl.co.uk/shares/shares-search-results/x/xtrackers-msci-africa-top-50-index,Xtrackers  MSCI Africa TOP 50 Index UCITS ETF  (XMAF),True,XMAF,B4KK7T5,ETF 1x,Index,,London Stock Exchange,,,USD,6.39,5.93,7,0%,0,0,3475,5.013256430754435,4.652364731513897,5.49183020583428,0
https://www.hl.co.uk/shares/shares-search-results/x/xtrackers-dax-esg-screened-ucits-etf,Xtrackers  DAX ESG Screened UCITS ETF  (XDDX),True,XDDX,BCBV5D3,ETF 1x,ESG,,London Stock Exchange,,,GBX,10539,8841,10584,0%,0,0,28,105.39,88.41,105.84,0
https://www.hl.co.uk/shares/shares-search-results/x/xtrackers-msci-emu-idx-ucits-etf-dr-1d,Xtrackers  MSCI EMU INDEX UCITS ETF DR 1D  (XD5E),True,XD5E,B8FMT76,ETF 1x,Index,,London Stock Exchange,,,GBX,4411.25,3711,4424.75,0%,0,0,2279,44.112500000000004,37.11,44.2475,0
https://www.hl.co.uk/shares/shares-search-results/x/xtrakers-harvest-csi300-index-ucits-dr,Xtrackers  Harvest CSI300 Index UCITS ETF (DR)  (RQFI),True,RQFI,BHCQCX1,ETF 1x,Index,,London Stock Exchange,,,GBX,747.5,671.13,940.75,0%,0,0,3587,7.4750000000000005,6.7113000000000005,9.4075,0
https://www.hl.co.uk/shares/shares-search-results/x/xtrackers-nikkei-225-ucits-etf-dr-1d,Xtrackers  Nikkei 225 UCITS ETF (DR) 1D  (XDJP),True,XDJP,B98DR24,ETF 1x,Index,,London Stock Exchange,,,GBX,2111.5,1721.5,2184.5,0%,0,0,12751,21.115000000000002,17.215,21.845,0
https://www.hl.co.uk/shares/shares-search-results/x/xtrackers-s-and-p-500-2x-inverse-daily,Xtrackers  S&P 500 2x Inverse Daily UCITS ETF  (XT2D),True,XT2D,B3PR9N2,ETF -2x,Index,,London Stock Exchange,,,USD,0.31,0.3,0.5,0%,0,0,0,0.2432096234012324,0.23536415167861197,0.39227358613102,0
https://www.hl.co.uk/shares/shares-search-results/x/xtrackers-msci-india-index-ucits-etf,XTrackers  MSCI India Index UCITS ETF  (XCX5),True,XCX5,B41JFV9,ETF 1x,Regional,,London Stock Exchange,,,GBX,1538.5,1161,1582.5,0%,0,0,5995,15.385,11.61,15.825000000000001,0
https://www.hl.co.uk/shares/shares-search-results/x/xtrackers-lpx-mm-private-equity-ucits,Xtrackers  LPX MM Private Equity UCITS ETF  (XLPE),True,XLPE,B2PDKY1,ETF 1x,Equity,EURAZEO SE    11.52%      PARTNERS GROUP HOLDING    10.01%      WENDEL SA    9.29%      ONEX CORP    9.25%      RATOS AB    9.23%      3I GROUP    8.76%     Blackstone Group L.P UNIT USD NPV   7.09%     JAFCO   4.50%     Apollo Investment Corporation COM USD 0.001   4.35%      GIMV    4.33%,London Stock Exchange,,,GBX,9980,6653,10109,0%,0,0,338,99.8,66.53,101.09,0
https://www.hl.co.uk/shares/shares-search-results/x/xtrackers-msci-em-latam-esg-index-ucits-etf,Xtrackers  MSCI EM LATAM ESG INDEX UCITS ETF  (XMLA),True,XMLA,B1WKQ28,ETF 1x,ESG,PETROLEO BRASILEIRO SA PETROBRAS   8.29%     Vale S.A. PREF A BRL NPV   7.20%     PETROLEO BRASILEIRO SA PETROBRAS   6.70%     AMERICA MOVIL SAB DE CV   5.67%     ITAU UNIBANCO HLDG SA   5.60%     VALE SA   5.59%     BANCO BRADESCO SA   3.99%     Cia de Bebidas das Amers PREF BRL NPV   2.00%     Wal-mart de Mexico S A B de C V ORD V MXN NPV   1.97%     ITAUSA INVESTIMENTOS ITAU SA   1.95%,London Stock Exchange,,,GBX,3488,2888,3615.5,0%,0,0,1821,34.88,28.88,36.155,0
https://www.hl.co.uk/shares/shares-search-results/x/xtrackers-msci-em-asia-esg-swap-ucits-etf,Xtrackers  MSCI EM Asia ESG Swap UCITS ETF 1C  (XMAS),True,XMAS,B1WKYB3,ETF 1x,ESG,SAMSUNG ELECTRONICS CO   4.16%     CHINA MOBILE LTD   3.51%     TAIWAN SEMICONDUCTOR MANUFACTURING   2.65%     CHINA CONSTRUCTION BANK   1.99%     CHINA LIFE INSURANCE CO   1.97%     INDUSTRIAL & COM BK CHINA   1.89%     HON HAI PRECISION INDUSTRY   1.83%     POSCO   1.77%     CNOOC   1.65%     RELIANCE INDUSTRIES   1.63%,London Stock Exchange,,,GBX,4352.5,3916,4380.5,0%,0,0,0,43.525,39.160000000000004,43.805,0
https://www.hl.co.uk/shares/shares-search-results/x/xtrackers-msci-ac-asia-ex-japan-esg-swap,Xtrackers  MSCI AC Asia Ex Japan ESG Swap UCITS ETF  (XAXJ),True,XAXJ,B3BXXT8,ETF 1x,ESG,SAMSUNG ELECTRONICS CO   3.41%     CHINA MOBILE LTD   2.88%     TAIWAN SEMICONDUCTOR MANUFACTURING   2.17%     CHINA CONSTRUCTION BANK   1.63%     CHINA LIFE INSURANCE CO   1.61%     INDUSTRIAL & COM BK CHINA   1.55%     HON HAI PRECISION INDUSTRY   1.50%     POSCO   1.45%     CNOOC   1.35%     RELIANCE INDUSTRIES   1.33%,London Stock Exchange,,,GBX,3330.5,3080,3680.5,0%,0,0,350,33.305,30.8,36.805,0
https://www.hl.co.uk/shares/shares-search-results/x/xtrackers-msci-pacific-ex-japan-esg-screen,Xtrackers  MSCI Pacific Ex Japan ESG Screened UCITS ETF (DR)  (XPXJ),True,XPXJ,B3BXXW1,ETF 1x,ESG,AUSTRALIA (COMMONWEALTH BANK OF)   7.39%     WESTPAC BANKING CORP   5.68%     AIA GROUP LTD   5.16%     AUSTRALIA & NEW ZEALAND BKG GRP   3.89%     NATIONAL AUSTRALIA BANK   3.89%     CK HUTCHISON HOLDINGS LTD   2.70%     CSL   2.65%     BHP GROUP LTD   2.61%     WESFARMERS   2.50%     HONG KONG EXCHANGES & CLEARING   2.04%,London Stock Exchange,,,GBX,5467,4915,5657,0%,0,0,28,54.67,49.15,56.57,0
https://www.hl.co.uk/shares/shares-search-results/x/xtrackers-s-and-p-500-inverse-daily-ucits,Xtrackers  S&P 500 Inverse Daily UCITS ETF  (XSPS),True,XSPS,B2PDKQ3,ETF -1x,Index,EXXON MOBIL CORP   3.11%      MICROSOFT CORP    2.23%      PROCTER &amp; GAMBLE CO    1.87%      APPLE INC    1.83%      JOHNSON &amp; JOHNSON    1.76%     GENERAL ELECTRIC CO.   1.71%     INTERNATIONAL BUSINESS MACHINES CORP   1.68%     BANK OF AMERICA CORP   1.66%     JPMORGAN CHASE & CO   1.61%      AT&amp;T INC    1.47%,London Stock Exchange,,,GBX,563.85,555.3,728.2,0%,0,0,24444,5.6385000000000005,5.553,7.282000000000001,0
https://www.hl.co.uk/shares/shares-search-results/x/xtrackers-nifty-50-ucits-etf,Xtrackers  NIFTY 50 UCITS ETF  (XNIF),True,XNIF,B1WKZ09,ETF 1x,Index,RELIANCE INDUSTRIES   11.63%     INFOSYS LTD   9.00%     ICICI Bank Ltd. ORD DM INR 10   6.77%     LARSEN & TOUBRO   6.58%     ITC   4.58%     Housing Development Finance Corporation Ltd. ORD DM INR 10   4.44%     HDFC Bank Ltd. ORD DM INR 10   4.19%     St Bk India ORD DM INR 10   3.52%     TATA CONSULTANCY SERVICES   2.75%     Bharat Heavy Electricals Ltd. ORD INR 10   2.68%,London Stock Exchange,,,GBX,20229,16169,20699,0%,0,0,609,202.29,161.69,206.99,0
https://www.hl.co.uk/shares/shares-search-results/x/xtrackers-msci-brazil-index-ucits-dr,Xtrackers  MSCI Brazil Index UCITS ETF (DR)  (XMBR),True,XMBR,B1WKYS0,ETF 1x,Regional,PETROLEO BRASILEIRO SA PETROBRAS   11.96%     Vale S.A. PREF A BRL NPV   10.39%     PETROLEO BRASILEIRO SA PETROBRAS   9.68%     ITAU UNIBANCO HLDG SA   8.09%     VALE SA   8.08%     BANCO BRADESCO SA   5.76%     Cia de Bebidas das Amers PREF BRL NPV   2.88%     ITAUSA INVESTIMENTOS ITAU SA   2.82%     CIA SIDERURGICA NACIONAL CSN   2.54%     Ogx Petroleo e Gas Participacoes SA COM BRL NPV   2.22%,London Stock Exchange,,,GBX,4018,3050,4405,0%,0,0,100,40.18,30.5,44.050000000000004,0
https://www.hl.co.uk/shares/shares-search-results/x/xtrackers-ftse-china-50-ucits-etf,xtrackers  FTSE China 50 UCITS ETF (DR)  (XX25),True,XX25,B1WKZB0,ETF 1x,Regional,TENCENT HOLDINGS LIMITED   8.72%     MEITUAN   8.58%     ALIBABA GROUP HOLDING LIMITED   8.55%     CHINA CONSTRUCTION BANK CORPORATION   6.52%     NETEASE INC   4.77%     INDUSTRIAL & COMMERCIAL BANK OF CHINA LIMITED   4.66%     PING AN INSURANCE (GROUP) COMPANY OF CHINA   3.95%     JD.COM   3.71%     BYD CO.   3.65%     BAIDU   3.62%,London Stock Exchange,,,GBX,1929,1681.5,2392,0%,0,0,8867,19.29,16.815,23.92,0
https://www.hl.co.uk/shares/shares-search-results/x/xtrackers-stoxx-global-select-dividend,Xtrackers  Stoxx Global Select Dividend 100 UCITS ETF  (XGSD),True,XGSD,B1WKZH6,ETF 1x,High Dividend,GPT GROUP   4.22%     KERRY PROPERTIES LTD   2.67%     MAp Group ORD AUD NPV   2.44%     CAPITALAND MALL TRUST   2.35%     SUNCORP GROUP LTD   2.22%     JARDINE CYCLE & CARRIAGE   2.21%     CNOOC   2.07%     Dow Chem Co COM USD 2.5   2.01%     KINGBOARD HLDGS LTD   1.98%     DBS GROUP HOLDINGS LTD   1.97%,London Stock Exchange,,,GBX,2276,2150,2463,0%,0,0,5303,22.76,21.5,24.63,0
https://www.hl.co.uk/shares/shares-search-results/x/xtrackers-msci-usa-index-ucits-etf,Xtrackers  MSCI USA Index UCITS ETF  (XMUS),True,XMUS,B1WG9B6,ETF 1x,Regional,EXXON MOBIL CORP   3.02%      MICROSOFT CORP    2.21%      PROCTER &amp; GAMBLE CO    1.80%      APPLE INC    1.75%      JOHNSON &amp; JOHNSON    1.68%     GENERAL ELECTRIC CO.   1.63%     INTERNATIONAL BUSINESS MACHINES CORP   1.61%     BANK OF AMERICA CORP   1.59%     JPMORGAN CHASE & CO   1.54%      AT&amp;T INC    1.41%,London Stock Exchange,,,GBX,11826,9187,11856,0%,0,0,1596,118.26,91.87,118.56,0
https://www.hl.co.uk/shares/shares-search-results/x/xtrackers-euro-stoxx-quality-dividend-ucits,Xtrackers  Euro Stoxx Quality Dividend UCITS ETF 1D  (XD3E),True,XD3E,B1WKZD2,ETF 1x,High Dividend,BANCO SANTANDER SA   6.91%     VALLOUREC SA   6.35%      ERSTE GROUP BANK AG    5.71%     METSO OYJ   5.37%      WARTSILA OYJ ABP    4.42%     Bco Pop Espanol ORD EUR 0.1   4.27%     UNILEVER NV   4.10%      ENEL SPA    3.97%      WERELDHAVE NV    3.74%      BILFINGER SE    3.68%,London Stock Exchange,,,GBX,1859,1661.2,1874,0%,0,0,119,18.59,16.612000000000002,18.740000000000002,0
https://www.hl.co.uk/shares/shares-search-results/x/xtrackers-euro-stoxx-50-short-daily,Xtrackers  Euro Stoxx 50 Short Daily UCITS ETF  (XSSX),True,XSSX,B2PDKB8,ETF -1x,Index,TOTAL SA   6.05%     BANCO SANTANDER SA   6.01%     TELEFONICA SA   5.24%      SANOFI    3.55%      E.ON SE    3.50%      BNP PARIBAS SA    3.40%     SIEMENS AG   3.37%     BANCO BILBAO VIZCAYA ARGENTARIA SA   3.07%      ENI    2.76%     BAYER AG   2.62%,London Stock Exchange,,,GBX,564.5,564.5,703.65,0%,0,0,6232,5.6450000000000005,5.6450000000000005,7.0365,0
https://www.hl.co.uk/shares/shares-search-results/x/xtrackers-ftse-100-ucits-dr-income,Xtrackers  FTSE 100 UCITS ETF (DR) - Income  (XUKX),True,XUKX,B1WJZ39,ETF 1x,Regional,SHELL    8.73%      ASTRAZENECA    8.04%      HSBC HOLDINGS    6.35%      UNILEVER    4.89%      BP    3.99%      RIO TINTO    3.27%      DIAGEO    3.24%      RELX    3.03%      GSK    2.99%      GLENCORE    2.99%,London Stock Exchange,,,GBX,753.8,712.9,783.8,0%,0,0,25028,7.537999999999999,7.129,7.838,0
https://www.hl.co.uk/shares/shares-search-results/x/xtrackers-shortdax-daily-ucits-etf,Xtrackers  ShortDAX X2 Daily UCITS ETF  (XSD2),True,XSD2,B61BDZ9,ETF -1x,Index,,London Stock Exchange,,,GBX,79.44,79.38,117.92,0%,0,0,220301,0.7944,0.7938,1.1792,0
https://www.hl.co.uk/shares/shares-search-results/x/xtrackers-msci-emerging-markets-index,Xtrackers  MSCI Emerging Markets Index UCITS ETF  (XMMD),True,XMMD,B24CWV0,ETF 1x,Regional,SAMSUNG ELECTRONICS CO   2.31%     PETROLEO BRASILEIRO SA PETROBRAS   2.11%     CHINA MOBILE LTD   1.96%     GAZPROM PJSC   1.89%     PETROLEO BRASILEIRO SA PETROBRAS   1.77%     Vale S.A. PREF A BRL NPV   1.59%     TAIWAN SEMICONDUCTOR MANUFACTURING   1.55%     TEVA PHARMACEUTICAL INDUSTRIES   1.50%     AMERICA MOVIL SAB DE CV   1.37%     CHINA CONSTRUCTION BANK   1.34%,London Stock Exchange,,,USD,48.6,42.38,49.29,0%,0,0,1536,38.12899257193514,33.24910916046525,38.670330120795946,0
https://www.hl.co.uk/shares/shares-search-results/x/xtrackers-ftse-vietnam-ucits-etf,Xtrackers  FTSE Vietnam UCITS ETF  (XVTD),True,XVTD,B2PDM89,ETF 1x,Regional,HAGL JSC   11.08%     VINCOM JSC   10.01%     PETROL VIETNAM FERT & CHEMICAL   6.40%     HOA PHAT GROUP JSC   6.26%     PETROVIETNAM DRLG & WELL SVCS CORP   6.17%     COMMERCIAL BK FOREIGN TRADE VIETNAM   6.02%     FPT CORP   5.71%     Petrovietnam Finance Joint Stock Corp. ORD VND 10000   4.52%     VIETNAM JS BK FOR INDUSTRY & TRADE   4.10%     SONGDA URBAN & INDUSTRIAL ZO   3.86%,London Stock Exchange,,,USD,29.64,23.8,32.56,0%,0,0,1266,23.253978185846865,18.672222699836553,25.544855928852023,0
https://www.hl.co.uk/shares/shares-search-results/x/xtrackers-msci-taiwan-index-ucits,Xtrackers  MSCI Taiwan Index UCITS ETF (DR)  (XMTW),True,XMTW,B1WKYK2,ETF 1x,Index,TAIWAN SEMICONDUCTOR MANUFACTURING   13.46%     HON HAI PRECISION INDUSTRY   9.29%     MEDIA TEK INC   4.35%     NAN YA PLASTICS CORP   3.05%     CHINA STEEL CORP   2.99%     CATHAY FINANCIAL HLDG CO   2.82%     CHUNGHWA TELECOM   2.65%     FORMOSA PLASTICS CORP   2.56%     AU OPTRONICS CORP   2.30%     ACER INC   2.16%,London Stock Exchange,,,GBX,4651,3695,4696,0%,0,0,448,46.51,36.95,46.96,0
https://www.hl.co.uk/shares/shares-search-results/x/xtrackers-stoxx-europe-600-ucits-dr,Xtrackers  Stoxx Europe 600 UCITS ETF (DR)  (XSX6),True,XSX6,B3BXY06,ETF 1x,Regional,HSBC HLDGS    2.90%     NESTLE SA   2.76%      BP    2.50%      NOVARTIS AG    2.08%     TOTAL SA   1.86%      ROCHE HLDG AG    1.79%     Vodafone Group Plc ORD USD 0.11428571   1.76%     BANCO SANTANDER SA   1.58%     ROYAL DUTCH SHELL   1.48%     GLAXOSMITHKLINE   1.48%,London Stock Exchange,,,GBX,10492,8856,10522,0%,0,0,1381,104.92,88.56,105.22,0
https://www.hl.co.uk/shares/shares-search-results/x/xtrackers-s-and-p-500-2x-leveraged-daily,Xtrackers  S&P 500 2x Leveraged Daily UCITS ETF  (XS2D),True,XS2D,B3MM769,ETF 2x,Index,,London Stock Exchange,,,USD,186.21,112.29,188.96,0%,0,0,9858,146.09052894691447,88.09680197330447,148.24803367063507,0
https://www.hl.co.uk/shares/shares-search-results/x/xtrackers-msci-europe-smll-cap-idx-dr,Xtrackers  MSCI Europe Small Cap Index UCITS ETF (DR)  (XXSC),True,XXSC,B39VCS6,ETF 1x,Regional,Arm Holdings Plc ORD GBP 0.0005   0.54%     KINNEVIK INVESTMENTS AB   0.54%     Aggreko Plc ORD GBP 0.2   0.52%      RENTOKIL INITIAL    0.49%      FLSMIDTH &amp; CO AS    0.47%     Boliden AB ORD SEK NPV   0.46%      RATOS AB    0.46%     Danisco A S ORD DKK 20   0.45%      GETLINK SE    0.43%      INTERTEK GROUP    0.43%,London Stock Exchange,,,GBX,4770.25,4040.25,4830,0%,0,0,50186,47.7025,40.4025,48.300000000000004,0
https://www.hl.co.uk/shares/shares-search-results/x/xtrackers-msci-europe-mid-cap-indx-dr,Xtrackers  MSCI Europe Mid Cap Index UCITS ETF (DR)  (XEUM),True,XEUM,B39VCQ4,ETF 1x,Regional,NOVO NORDISK A/S    3.50%      ASML HOLDING N.V.    3.15%      VMH MOET HENNESSY LOUIS VUITTON    2.32%      SHELL    2.25%      ASTRAZENECA    2.17%      NOVARTIS AG    2.15%      ROCHE HLDG AG    2.12%      L'OREAL    2.05%      SAP SE    1.67%      TOTAL SE    1.62%,London Stock Exchange,,,GBX,13510,11637,13556,0%,0,0,219,135.1,116.37,135.56,0
https://www.hl.co.uk/shares/shares-search-results/x/xtrackers-s-and-pasx-200-ucits-etf-dr,Xtrackers  S&P/ASX 200 UCITS ETF (DR)  (XAUS),True,XAUS,B2PDL26,ETF 1x,Index,BHP GROUP LTD   12.70%     AUSTRALIA (COMMONWEALTH BANK OF)   7.64%     WESTPAC BANKING CORP   7.14%     AUSTRALIA & NEW ZEALAND BKG GRP   5.26%     NATIONAL AUSTRALIA BANK   4.89%     WESFARMERS   3.38%     TELSTRA CORP LTD   3.13%     WOOLWORTHS GROUP LTD   2.95%     RIO TINTO LTD   2.83%     Westfield Mgmt Ltd as responsible entity of Westfield Tr UNIT AUD NPV   2.34%,London Stock Exchange,,,GBX,3251,2908,3388,0%,0,0,18,32.51,29.080000000000002,33.88,0
https://www.hl.co.uk/shares/shares-search-results/x/xtrackers-euro-stoxx-50-ucits-dr-1c,Xtrackers  Euro STOXX 50 UCITS ETC (DR)1C  (XESC),True,XESC,B4STTG5,ETF 1x,Index,TOTAL SA   4.83%      SANOFI    4.47%     BAYER AG   4.35%     ANHEUSER BUSCH INBEV SA/NV   4.29%      SAP SE    3.58%     ALLIANZ SE   3.52%      DAIMLER AG    3.37%     SIEMENS AG   3.29%     UNILEVER NV   3.05%     BANCO SANTANDER SA   2.97%,London Stock Exchange,,,GBX,7042,5694,7084,0%,0,0,652,70.42,56.94,70.84,0
https://www.hl.co.uk/shares/shares-search-results/x/xtrackers-levdax-daily-ucits-etf,Xtrackers  LevDAX Daily UCITS ETF  (XLDX),True,XLDX,B614SD1,ETF 1x,Index,,London Stock Exchange,,,GBX,14708,10224,14778,0%,0,0,2383,147.08,102.24000000000001,147.78,0
https://www.hl.co.uk/shares/shares-search-results/x/xtrackers-s-and-p-global-infrastructure,Xtrackers  S&P Global Infrastructure UCITS ETF  (XSGI),True,XSGI,B2PDL04,ETF 1x,Index,TransCanada Corp COM CAD NPV   5.19%      ENBRIDGE INC    4.87%     SPECTRA ENERGY CORP   4.16%     Abertis Infraestructuras SA ORD EUR 3   3.72%     TRANSURBAN GROUP   3.71%      E.ON SE    3.67%      WILLIAMS COMPANIES INC    3.43%     ATLANTIA SPA   3.41%      ENGIE SA    3.38%     IBERDROLA SA   2.50%,London Stock Exchange,,,GBX,4161.5,3785.5,4386,0%,0,0,0,41.615,37.855000000000004,43.86,0
https://www.hl.co.uk/shares/shares-search-results/x/xtrackers-ftse-100-short-daily-ucits,Xtrackers  FTSE 100 Short Daily UCITS ETF  (XUKS),True,XUKS,B39DX78,ETF -1x,Regional,HSBC HLDGS    9.13%      BP    7.90%     Vodafone Group Plc ORD USD 0.11428571   5.53%     GLAXOSMITHKLINE   4.66%     ROYAL DUTCH SHELL   4.62%      RIO TINTO    3.67%     ROYAL DUTCH SHELL   3.39%      BRITISH AMERICAN TOBACCO    3.22%     BHP Billiton Plc ORD USD 0.5   3.20%      ASTRAZENECA    3.03%,London Stock Exchange,,,GBX,299.55,281.95,311.85,0%,0,0,301910,2.9955000000000003,2.8195,3.1185000000000005,0
https://www.hl.co.uk/shares/shares-search-results/x/xtrackers-msci-world-materials-ucits-etf-1c,Xtrackers (IE)  MSCI World Materials UCITS ETF 1C  (XDWM),True,XDWM,BDGSVG1,ETF 1x,World,,London Stock Exchange,,,USD,58.81,49.59,59.08,0%,0,0,4775,46.13921920073057,38.90569427247456,46.35104693724132,0
https://www.hl.co.uk/shares/shares-search-results/x/xtrackers-msci-usa-information-tech-ucits,Xtrackers (IE)  MSCI USA Information Technology UCITS ETF 1D  (XSTC),True,XSTC,BF2LFW2,ETF 1x,Cloud & AI & IT,,London Stock Exchange,,,GBX,7357,5073,7493,0%,0,0,1584,73.57000000000001,50.730000000000004,74.93,0
https://www.hl.co.uk/shares/shares-search-results/x/xtrackers-msci-japan-esg-ucits-etf-1c,Xtrackers (IE) plc  MSCI Japan ESG UCITS ETF 1C  (XESJ),True,XESJ,BMY8CP2,ETF 1x,ESG,SONY CORP   6.30%     TOKYO ELECTRON LIMITED   3.75%     MITSUI SUMITOMO INSURANCE CO.   3.69%     HITACHI   3.58%     SHIN-ETSU CHEMICAL CO.   3.27%     DAIICHI SANKYO CO LTD   2.87%     KDDI CORP.   2.70%     NINTENDO CO.   2.60%     RECRUIT HLDGS CO LTD   2.51%     MIZUHO FINANCIAL GROUP   2.47%,London Stock Exchange,,,GBP,17.22,14.78,17.7,0%,0,0,10,17.22,14.78,17.7,0
https://www.hl.co.uk/shares/shares-search-results/x/xtrackers-msci-japan-esg-screened-ucits-etf,Xtrackers (IE) plc  MSCI Japan ESG Screened UCITS ETF 1D (GBP)  (XDNS),True,XDNS,BYWSG45,ETF 1x,ESG,,London Stock Exchange,,,GBX,1303.5,1101.5,1340,0%,0,0,740,13.035,11.015,13.4,0
https://www.hl.co.uk/shares/shares-search-results/x/xtrackers-s-and-p-500-equal-weight-ucits-etf-1d,Xtrackers (IE) plc  S&P 500 Equal Weight UCITS ETF 1D GBP Hedged  (XEWG),True,XEWG,BMQ7FJ2,ETF 1x,Index,,London Stock Exchange,,,GBP,8,6.58,8.09,0%,0,0,14755,8,6.58,8.09,0
https://www.hl.co.uk/shares/shares-search-results/x/xtrackers-ie-plc-msci-world-ucits-2d-gbp,XTrackers (IE) Plc  MSCI WORLD UCITS 2D GBP  (XDWG),True,XDWG,BZ1BS79,ETF 1x,World,,London Stock Exchange,,,GBP,21.94,17.22,21.99,0%,0,0,927,21.94,17.22,21.99,0
https://www.hl.co.uk/shares/shares-search-results/x/xtrackers-msci-emerging-mkts-esg-ucits-etf,Xtrackers (IE) plc  MSCI Emerging Markets ESG UCITS ETF  (XESE),True,XESE,BMY8CS5,ETF 1x,ESG,,London Stock Exchange,,,GBP,34.73,32.01,35.89,0%,0,0,5357,34.73,32.01,35.89,0
https://www.hl.co.uk/shares/shares-search-results/x/xtrackers-msci-world-momentum-ucits-etf-1c,Xtrackers (IE) plc  MSCI World Momentum UCITS ETF 1C  (XDEM),True,XDEM,BRCJ8M1,ETF 1x,Portfolios: Momentum,,London Stock Exchange,,,GBX,4795,3559,4865,0%,0,0,2927,47.95,35.59,48.65,0
https://www.hl.co.uk/shares/shares-search-results/x/xtrackers-msci-usa-financials-ucits-etf-1d,Xtrackers (IE) Plc  MSCI USA Financials UCITS ETF 1D  (XSFN),True,XSFN,BF2LFS8,ETF 1x,Banking & Financials,,London Stock Exchange,,,GBX,2331.75,1765,2346.5,0%,0,0,0,23.3175,17.650000000000002,23.465,0
https://www.hl.co.uk/shares/shares-search-results/x/xtrackers-msci-emerging-markets-ucits-etf,Xtrackers (IE) plc  MSCI Emerging Markets UCITS ETF 1C (GBP)  (XMMS),True,XMMS,BDT5BX6,ETF 1x,Regional,,London Stock Exchange,,,GBX,4194.5,3842,4240,0%,0,0,1231,41.945,38.42,42.4,0
https://www.hl.co.uk/shares/shares-search-results/x/xtrackers-msci-usa-esg-ucits-etf,Xtrackers (IE) plc  MSCI USA ESG UCITS ETF  (XESU),True,XESU,BMY8CQ3,ETF 1x,ESG,,London Stock Exchange,,,GBP,43.78,33.25,44.1,0%,0,0,1793,43.78,33.25,44.1,0
https://www.hl.co.uk/shares/shares-search-results/x/xtrackers-msci-world-esg-ucits-etf-1c,Xtrackers (IE) plc  MSCI World ESG UCITS ETF 1C  (XESW),True,XESW,BMY8CR4,ETF 1x,ESG,,London Stock Exchange,,,GBP,30.68,24.07,30.72,0%,0,0,129,30.68,24.07,30.72,0
https://www.hl.co.uk/shares/shares-search-results/x/xtrackers-physical-gold-etc-usd,Xtrackers (IE) plc  Physical Gold ETC USD  (XGDU),True,XGDU,BLQ0NB2,ETF 1x,ETC - Metals,,London Stock Exchange,,,USD,33.3,27.98,33.64,0%,0,0,1002,26.12542083632593,21.95162987989188,26.392166874895025,0
https://www.hl.co.uk/shares/shares-search-results/x/xtrackers-physical-gold-gbp-hedged-etc2,Xtrackers (IE) plc  Physical Gold GBP Hedged ETC  (XGDG),True,XGDG,BM97NN9,ETF 1x,ETC - Metals,,London Stock Exchange,,,GBX,2567,2163.5,2588,0%,0,0,2755,25.67,21.635,25.88,0
https://www.hl.co.uk/shares/shares-search-results/x/xtrackers-physical-silver-etc-usd,Xtrackers (IE) plc  Physical Silver ETC USD  (XSLR),True,XSLR,BKVD9G6,ETF 1x,ETC - Metals,XTrackers Xtrackers II EUR Overnight Rate Swap UCITS ETF ETF [Xetra]    100.00%,London Stock Exchange,,,USD,36.05,29.82,37.33,0%,0,0,107,28.28292556004654,23.39519667685403,29.28714594054195,0
https://www.hl.co.uk/shares/shares-search-results/x/xtrackers-msci-usa-health-care-ucits-etf-1d,Xtrackers (IE) plc  MSCI USA Health Care UCITS ETF 1D  (XSHC),True,XSHC,BF2LFT9,ETF 1x,Healthcare,,London Stock Exchange,,,GBX,4599,4011.25,4687,0%,0,0,238,45.99,40.112500000000004,46.87,0
https://www.hl.co.uk/shares/shares-search-results/x/xtrackers-ie-msci-emg-mkts-ucits-1c-usd,XTrackers (IE) Plc  MSCI EMG MKTS UCITS 1C USD  (XMME),True,XMME,BTJRMP3,ETF 1x,Regional,,London Stock Exchange,,,USD,53.47,46.44,54.23,0%,0,0,30089,41.949737300851275,36.43437067984913,42.545993151770425,0
https://www.hl.co.uk/shares/shares-search-results/x/xtrackers-msci-ac-world-ucits-etf-1c,Xtrackers (IE) Plc  MSCI AC World UCITS ETF 1C  (XMAW),True,XMAW,BNB7CQ0,ETF 1x,MSCI Various,,London Stock Exchange,,,GBX,2969,2406,2978,0%,0,0,237,29.69,24.060000000000002,29.78,0
https://www.hl.co.uk/shares/shares-search-results/x/xtrackers-msci-world-minimum-volatility-uci,Xtrackers (IE) plc  MSCI World Minimum Volatility UCITS ETF 1C  (XDEB),True,XDEB,BRCJ8N2,ETF 1x,Minimum Volatility,,London Stock Exchange,,,GBX,3278,2943,3278,0%,0,0,293,32.78,29.43,32.78,0
https://www.hl.co.uk/shares/shares-search-results/x/xtrackers-ii-esg-global-aggregate-bond-ucit,Xtrackers II  ESG Global Aggregate Bond UCITS ETF 3D GBP Hedged  (XBGG),True,XBGG,BYQ9LN8,ETF 1x,ESG,,London Stock Exchange,,,GBX,6806,6486,6982.5,0%,0,0,0,68.06,64.86,69.825,0
https://www.hl.co.uk/shares/shares-search-results/x/xtrackers-global-government-bond-ucits-etf,Xtrackers II  Global Government Bond UCITS ETF 5C GBP  (XG7S),True,XG7S,BFRSXQ8,ETF 1x,Bonds,,London Stock Exchange,,,GBX,18816,18254,20035,0%,0,0,224,188.16,182.54,200.35,0
https://www.hl.co.uk/shares/shares-search-results/x/xtrackers-ii-australia-government-bond-ucit,Xtrackers II  Australia Government Bond UCITS ETF  (XCS2),True,XCS2,BFRSXJ1,ETF 1x,Bonds,,London Stock Exchange,,,GBX,11901,11164.5,12841,0%,0,0,0,119.01,111.645,128.41,0
https://www.hl.co.uk/shares/shares-search-results/x/xtrackers-ii-gbp-rate-swap-ucits-etf,Xtrackers II  GBP RATE SWAP UCITS ETF  (XSTR),True,XSTR,B2PDKP2,ETF 1x,Rate Swap,XTrackers Xtrackers II GBP Overnight Rate Swap UCITS ETF    100.00%,London Stock Exchange,,,GBX,18091,18021,18489,0%,0,0,3340,180.91,180.21,184.89000000000001,0
https://www.hl.co.uk/shares/shares-search-results/x/xtrackers-ii-harvest-csi-china-bond-dr,Xtrackers II  Harvest CSI China Sovereign Bond UCITS ETF (DR)  (CGB),True,CGB,BYR52K9,ETF 1x,Bonds,,London Stock Exchange,,,USD,20.99,20.27,21.73,0%,0,0,2,16.467645145780217,15.90277118175155,17.048210053254127,0
https://www.hl.co.uk/shares/shares-search-results/x/xtrackers-ii-global-infl-lkd-bond-dr,Xtrackers II  Global Inflation Linked Bond UCITS ETF (DR)  (XGIU),True,XGIU,BFRSXR9,ETF 1x,Bonds,,London Stock Exchange,,,GBX,1881.25,1819.75,1981,4.05%,0,0,0,18.8125,18.1975,19.81,0
https://www.hl.co.uk/shares/shares-search-results/x/xtrackers-ii-global-govt-bond-dr-gbp,Xtrackers II  Global Government Bond UCITS ETF (DR) (GBP)  (XGSG),True,XGSG,B5KR5B1,ETF 1x,Bonds,,London Stock Exchange,,,GBX,2367,2265.5,2440,0.5%,0,0,10223,23.67,22.655,24.400000000000002,0
https://www.hl.co.uk/shares/shares-search-results/x/xtrackers-ii-global-infl-lnk-dr-gbp,Xtrackers II  Global Inflation-Linked Bond UCITS ETF (DR) (GBP)  (XGIG),True,XGIG,B4QSG29,ETF 1x,Bonds,UNITED STATES   2.36%     FRANCE   2.14%     FRANCE   2.12%     UNITED STATES   2.01%     FRANCE   2.00%     UNITED STATES   1.97%     FRANCE   1.86%     FRANCE   1.85%     ITALY   1.79%     UNITED STATES   1.76%,London Stock Exchange,,,GBX,2385,2257,2473.5,0.75%,0,0,19270,23.85,22.57,24.735,0
https://www.hl.co.uk/shares/shares-search-results/x/xtrackers-ii-iboxx-usd-treasury-etf-dr,Xtrackers II  iBoxx USD Treasuries UCITS ETF DR  (XUTD),True,XUTD,B462N97,ETF 1x,Bonds,,London Stock Exchange,,,USD,190.56,183.04,201.08,0%,0,0,191,149.50330914625434,143.6035144108438,157.75674539845102,0
https://www.hl.co.uk/shares/shares-search-results/x/xtrackers-ii-iboxxr-usd-treas-1-3-dr,XTrackers II  iBoxx USD Treasuries 1-3 UCITS ETF DR  (XUT3),True,XUT3,B445WG8,ETF 1x,Bonds,,London Stock Exchange,,,USD,161.42,158.7,164.14,0%,0,0,201,126.64160454653847,124.50763623798574,128.77557285509124,0
https://www.hl.co.uk/shares/shares-search-results/x/xtrackers-msci-usa-banks-ucits-etf,Xtrackers Plc  MSCI USA Banks UCITS ETF  (XUFB),True,XUFB,BDVPTJ6,ETF 1x,Banking & Financials,JPMORGAN CHASE &amp; CO    31.86%      BANK OF AMERICA CORP    17.68%      WELLS FARGO &amp; COMPANY    15.80%      CITIGROUP    8.33%      U.S. BANCORP    5.29%      PNC FINANCIAL SERVICES GROUP INC.(THE)    4.95%      TRUIST FINANCIAL CORPORATION    4.09%      M&amp;T BANK CORPORATION    2.03%      FIFTH THIRD BANCORP    1.75%      FIRST CITIZENS BANCSHARES INC/NC    1.61%,London Stock Exchange,,,GBX,1785.9,1280.4,1806.4,0%,0,0,473,17.859,12.804000000000002,18.064,0
https://www.hl.co.uk/shares/shares-search-results/x/xtract-one-technologies-inc-npv,Xtract One Technologies Inc  (XTRA),True,XTRA,BPCPYJ4,Aerospace & Defense,## Not ETF,,Toronto Stock Exchange,Canada,,CAD,0.67,0.63,1.24,0%,0,132949999.99999999,0,0.3884556838289191,0.3652642997197299,0.7189329073848651,77082362.9329176
https://www.hl.co.uk/shares/shares-search-results/x/xtract-resources-plc-ord-0.02p,Xtract Resources plc  (XTR),True,XTR,BYSX279,Mining,## Not ETF,,London Stock Exchange,,,GBX,0.93,0.9,2.35,0%,0,792000000,826694,0.009300000000000001,0.009000000000000001,0.0235,7920000
https://www.hl.co.uk/shares/shares-search-results/x/xunlei-ltd-adr-each-representing-3-shares,Xunlei Ltd  (XNET),True,XNET,B4KRJ56,Application Software,## Not ETF,,NASDAQ,United States,NASDAQ Comb. Composite,USD,1.53,1.29,2.08,0%,0,106470000,0,1.200357173560921,1.0120658522180315,1.6318581183050431,83530737.43073939
https://www.hl.co.uk/shares/shares-search-results/x/xwell-inc-usd0.01,XWELL Inc  (XWEL),True,XWEL,BS1L5V3,Specialized Consumer Services,## Not ETF,,NASDAQ,United States,,USD,2.02,1.26,7.8,0%,0,7730000,0,1.5847852879693207,0.9885294370501704,6.119467943643912,6064549.641585569
https://www.hl.co.uk/shares/shares-search-results/x/xxl-asa-ordinary-shares-nok0.40,XXL ASA  (XXL),True,XXL,BQZHXB9,Other Specialty Retail,## Not ETF,,Oslo Stock Exchange,Norway,Oslo All Share Index,NOK,0.79,0.57,1.35,0%,0,1040000000,0,0.05852640075086941,0.04222790940252603,0.10001346963756165,77047413.64671415
https://www.hl.co.uk/shares/shares-search-results/x/xylem-inc-usd0.01,Xylem Inc  (XYL),True,XYL,B3P2CN8,Industrial Machinery & Supplies & Components,## Not ETF,,New York Stock Exchange,United States,,USD,126.8,87.59,128.51,1.13%,0,30950000000,0,99.48058144282666,68.71848681843208,100.82215710739474,24281734981.510136
https://www.hl.co.uk/shares/shares-search-results/y/y-mabs-therapeutics-inc-com-usd0.0001,Y-Mabs Therapeutics Inc  (YMAB),True,YMAB,BG31GH0,Biotechnology,## Not ETF,,NASDAQ,United States,NASDAQ Comb. Composite,USD,14.94,2.71,20.9,0%,0,656660000,0,11.721134753594876,2.1261228368301284,16.397035900276634,515180746.1375912
https://www.hl.co.uk/shares/shares-search-results/y/yalla-group-limited-ads,Yalla Group Limited  (YALA),True,YALA,BMY5866,Interactive Media & Services,## Not ETF,,New York Stock Exchange,United States,,USD,4.8,3.41,6.44,0%,0,631220000,0,3.7658264268577915,2.6753058574135564,5.052483789367538,495221866.07524484
https://www.hl.co.uk/shares/shares-search-results/y/yangaroo-inc-npv,Yangaroo Inc  (YOO),True,YOO,BF155H0,Interactive Media & Services,## Not ETF,,Canadian Venture Exchange,Canada,,CAD,0,0,0.06,0%,0,2820000,0,0,0,0.0347870761637838,1634992.5796978385
https://www.hl.co.uk/shares/shares-search-results/y/yara-international-asa-nok1.7,Yara International ASA  (YAR),True,YAR,7751259,Fertilizers & Agricultural Chemicals,## Not ETF,,Oslo Stock Exchange,Norway,Euronext 100,NOK,330,323.1,476.5,1.51%,0,84210000000,0,24.447737022515067,23.936557066589756,35.30105057948009,6238617983.836346
https://www.hl.co.uk/shares/shares-search-results/y/yatra-online-inc-usd0.0001,Yatra Online Inc  (YTRA),True,YTRA,BYYCQG7,"Hotels, Resorts & Cruise Lines",## Not ETF,,NASDAQ,Cayman Islands,,USD,1.56,1.4,2.67,0%,0,99810000,0,1.2238935887287823,1.0983660411668559,2.0947409499396468,78305653.26347421
https://www.hl.co.uk/shares/shares-search-results/y/yatsen-holding-ltd-ads-each-rep-4-ord-shs,Yatsen Holding Ltd  (YSG),True,YSG,BN10NY4,Personal Care Products,## Not ETF,,New York Stock Exchange,United States,,USD,0.57,0.47,1.54,0%,0,302870000,0,0.44719188818936273,0.3687371709631588,1.2082026452835415,237615802.06300405
https://www.hl.co.uk/shares/shares-search-results/y/yellow-cake-plc-ord-gbp0.01,Yellow Cake Plc  (YCA),True,YCA,BF50RG4,No specific Industry,## Not ETF,,London Stock Exchange,,,GBX,584,352.2,749.5,0%,0,129000000000,2619785,5.84,3.522,7.495,1290000000
https://www.hl.co.uk/shares/shares-search-results/y/yellow-corp-usd0.01,Yellow Corp  (YELLQ),True,YELLQ,BKPSYQ2,Cargo Ground Transportation,## Not ETF,,Off Exchange,United States,,USD,5.66,0.43,6.56,0%,0,295050000,0,4.440536995003146,0.3373552840726772,5.146629450038982,231480643.17591488
https://www.hl.co.uk/shares/shares-search-results/y/yelp-inc-usd0.000001,Yelp Inc  (YELP),True,YELP,B7KCD72,Interactive Media & Services,## Not ETF,,New York Stock Exchange,United States,,USD,37.7,26.55,48.96,0%,0,2620000000,0,29.577428394278908,20.829727423557163,38.411429553949475,2055513591.3265448
https://www.hl.co.uk/shares/shares-search-results/y/yeti-holdings-inc-usd0.01,YETI Holdings Inc  (YETI),True,YETI,BGR7KH2,Leisure Products,## Not ETF,,New York Stock Exchange,United States,,USD,37.16,34.7,54.01,0%,0,3230000000,0,29.153772921257403,27.22378687749279,42.37339277387278,2534087366.406389
https://www.hl.co.uk/shares/shares-search-results/y/yext-inc-usd0.001,Yext Inc  (YEXT),True,YEXT,BD8ZJW2,Application Software,## Not ETF,,New York Stock Exchange,United States,,USD,5.47,5.3,14.35,0%,0,691760000,0,4.291473032273358,4.158100012988812,11.258251921960273,542718351.8839887
https://www.hl.co.uk/shares/shares-search-results/y/yield10-bioscience-inc-usd1.01,Yield10 Bioscience Inc  (YTEN),True,YTEN,BL397G5,Biotechnology,## Not ETF,,NASDAQ,United States,,USD,0.25,0.18,3.29,0%,0,3010000,0,0.19613679306551,0.14121849100716719,2.5811601967421116,2361486.9885087404
https://www.hl.co.uk/shares/shares-search-results/y/yiren-digital-ltd-adr-each-repr-2-shs,Yiren Digital Ltd  (YRD),True,YRD,BYPHX26,Consumer Finance,## Not ETF,,New York Stock Exchange,Cayman Islands,,USD,5.34,1.8,5.8,0%,0,468760000,0,4.1894818998792935,1.412184910071672,4.5503735991198315,367764332.4695538
https://www.hl.co.uk/shares/shares-search-results/y/yit-oyj-eur0.5,YIT OYJ  (YIT),True,YIT,B11BQV1,Homebuilding,## Not ETF,,Helsinki Stock Exchange,Finland,,EUR,1.75,1.56,2.15,0%,0,407030000,0,1.4950110824874225,1.3326955935316451,1.8367279013416904,347722491.94563174
https://www.hl.co.uk/shares/shares-search-results/y/ynvisible-interactive-inc-npv,Ynvisible Interactive Inc  (YNV),True,YNV,BD0FYT2,Electronic Components,## Not ETF,,Canadian Venture Exchange,Canada,,CAD,0,0,0.21,0%,0,8730000,0,0,0,0.12175476657324329,5061519.581830543
https://www.hl.co.uk/shares/shares-search-results/y/york-water-co-common-stock,York Water Co  (YORW),True,YORW,2425292,Water Utilities,## Not ETF,,NASDAQ,United States,NASDAQ Comb. Composite,USD,35.5,34.92,46.72,2.37%,0,519039999.99999994,0,27.85142461530242,27.396387255390437,36.654043888082505,407211364.2908892
https://www.hl.co.uk/shares/shares-search-results/y/yoshitsu-co-ltd-ads-sponsored,Yoshitsu Co Ltd  (TKLF),True,TKLF,BM9FPS2,Other Specialty Retail,## Not ETF,,NASDAQ,United States,,USD,0.25,0.21,1.69,0%,0,11670000,0,0.19613679306551,0.1647549061750284,1.3258847211228475,9155665.500298006
https://www.hl.co.uk/shares/shares-search-results/y/youdao-inc-ads-each-repr-a-ord-shs,Youdao Inc  (DAO),True,DAO,BJVNSH3,Education Services,## Not ETF,,New York Stock Exchange,United States,,USD,4.32,2.96,9.55,0%,0,152330000,0,3.3892437841720127,2.322259629895638,7.4924254951024825,119510070.75067654
https://www.hl.co.uk/shares/shares-search-results/y/yougov-plc-ordinary-gbp-0.002,YouGov Plc  (YOU),True,YOU,B1VQ6H2,Media,## Not ETF,,London Stock Exchange,,,GBX,1170,665,1230,0.77%,28.77,132000000000,257017,11.700000000000001,6.65,12.3,1320000000
https://www.hl.co.uk/shares/shares-search-results/y/young-and-cos-brewery-plc-a-ord-12.5p,Young & Co&#039;s Brewery Plc  (YNGA),True,YNGA,B2NDK76,Travel & Leisure,## Not ETF,,London Stock Exchange,,,GBX,1005,960,1250,1.03%,15.46,61973000000,53899,10.05,9.6,12.5,619730000
https://www.hl.co.uk/shares/shares-search-results/y/young-and-cos-brewery-plc-non-vtg-ord-12.5p,Young & Co&#039;s Brewery Plc  (YNGN),True,YNGN,B2NDK98,No specific Industry,## Not ETF,,London Stock Exchange,,,GBX,644,640,900,0%,10.39,39742000000,8789,6.44,6.4,9,397420000
https://www.hl.co.uk/shares/shares-search-results/y/ypf-sa-adr-each-repr-1-ord-d-share-spon,YPF Sociedad Anonima  (YPF),True,YPF,2985945,Integrated Oil & Gas,## Not ETF,,New York Stock Exchange,United States,,USD,18,8.73,19.09,0%,0,9060000000,0,14.12184910071672,6.849096813847609,14.977005518482343,7107997380.694082
https://www.hl.co.uk/shares/shares-search-results/y/ypsomed-holding-ag-chf11.60,Ypsomed Holding AG  (YPSN),True,YPSN,B02SWN8,Health Care Supplies,## Not ETF,,SIX Swiss Exchange,Switzerland,Swiss All Share Index,CHF,360,178.8,377,0.36%,0,4930000000,0,319.8710782757268,158.86930221027765,334.976101416525,4380456710.831481
https://www.hl.co.uk/shares/shares-search-results/y/ys-biopharma-co-ltd-usd0.0001,YS Biopharma Co Ltd  (YS),True,YS,BMVRJ84,Biotechnology,## Not ETF,,NASDAQ,Cayman Islands,,USD,0.75,0.35,18.44,0%,0,132770000.00000001,0,0.5884103791965299,0.27459151029171397,14.467049856512018,104164328.06123106
https://www.hl.co.uk/shares/shares-search-results/y/yu-group-plc-ordinary-0.5p,YU Group plc  (YU.),True,YU.,BYQDPD8,"Gas, Water & Multiutilities",## Not ETF,,London Stock Exchange,,,GBX,1305,455,1490,0.23%,39.55,22098000000,25813,13.05,4.55,14.9,220980000
https://www.hl.co.uk/shares/shares-search-results/y/yum-brands-inc-com-stk-npv,Yum Brands Inc  (YUM),True,YUM,2098876,Restaurants,## Not ETF,,New York Stock Exchange,United States,,USD,136.34,115.61,143.24,1.95%,0,38930000000,0,106.96516146620652,90.70149858521444,112.3785369548146,30542421416.161217
https://www.hl.co.uk/shares/shares-search-results/y/yum-china-holdings-inc-usd0.01,Yum China Holdings Inc  (YUMC),True,YUMC,BYW4289,Restaurants,## Not ETF,,New York Stock Exchange,United States,,USD,42.59,33.56,64.64,1.52%,0,16920000000.000002,0,33.413864066640286,26.329403101114064,50.71312921501826,13274538154.673717
https://www.hl.co.uk/shares/shares-search-results/y/yunji-inc-adr,Yunji Inc  (YJ),True,YJ,BN92HG2,Broadline Retail,## Not ETF,,NASDAQ,United States,,USD,0.68,0.54,5.8,0%,0,13730000,0,0.5334920771381872,0.4236554730215016,4.5503735991198315,10771832.675157808
